2DaxqgrOhkeH0fpeiQq2f4;Oasis;https://i.scdn.co/image/ab6761610000e5eba572b3112ccbf374488fed58
6sN51vEARnAAdBw1IKZ8Q9;Liam Gallagher;https://i.scdn.co/image/ab6761610000e5eb6001f6fe4b6a1cb5871640b5
2cGwlqi3k18jFpUyTrsR84;The Verve;https://i.scdn.co/image/94390c15f4b8ba12d111a0b166a5b2af4dd1d694
7MhMgCo0Bl0Kukl93PZbYS;Blur;https://i.scdn.co/image/ab6761610000e5eb00620d736644d2359ce99430
7sjttK1WcZeyLPn3IsQ62L;Noel Gallagher's High Flying Birds;https://i.scdn.co/image/ab6761610000e5eb21544d3b4e0a00d209f56743
1lYT0A0LV5DUfxr6doRP3d;The Stone Roses;https://i.scdn.co/image/b402bab4eb25e953eef911e1fde6076e116ce0b2
21UJ7PRWb3Etgsu99f8yo8;Stereophonics;https://i.scdn.co/image/ab6761610000e5eb9eeb3f2569bb34874643bb72
11wRdbnoYqRddKBrpHt4Ue;Kasabian;https://i.scdn.co/image/ab6761610000e5eb9adf40411756ca7c9d92bbf2
6IRQd80VHepXiTXdmBzk6l;Noel Gallagher;https://i.scdn.co/image/4c089604abecb8b73d1305f01ad79df1d237445f
3bUwxJgNakzYKkqAVgZLlh;Travis;https://i.scdn.co/image/ab6761610000e5eb44b03604cc7e3271aa5dbad0
0C0XlULifJtAgn6ZNCW2eu;The Killers;https://i.scdn.co/image/ab6761610000e5eb207b21f3ed0ee96adce3166a
0LbLWjaweRbO4FDKYlbfNt;Kaiser Chiefs;https://i.scdn.co/image/ab6761610000e5ebc5e79ef4ced0ccbd8eabd960
36E7oYfz3LLRto6l2WmDcD;Pulp;https://i.scdn.co/image/274a6b04d4086699f74f761b7932adf122c5619e
53A0W3U0s8diEn9RhXQhVz;Keane;https://i.scdn.co/image/ab6761610000e5eb92f6dba2793814a1c5aa8d35
0XNa1vTidXlvJ2gHSsRi4A;Franz Ferdinand;https://i.scdn.co/image/ab6761610000e5ebda4df4a711bb9f47722b7706
4Z8W4fKeB5YxbusRsdQVPb;Radiohead;https://i.scdn.co/image/ab6761610000e5eba03696716c9ee605006047fd
4KWTAlx2RvbpseOGMEmROg;R.E.M.;https://i.scdn.co/image/ab6761610000e5eb6334ab6a83196f36475ada7f
3rIZMv9rysU7JkLzEaC5Jp;Snow Patrol;https://i.scdn.co/image/ab6761610000e5ebe93b88b6103a78ede975ebbe
0epOFNiUfyON9EYx7Tpr6V;The Strokes;https://i.scdn.co/image/ab6761610000e5ebc3b137793230f4043feb0089
1GLtl8uqKmnyCWxHmw9tL4;The Kooks;https://i.scdn.co/image/ab6761610000e5ebd263e0042b36fd357c8c7cdb
4fSPtBgFPZzygkY6MehwQ7;The Libertines;https://i.scdn.co/image/ab6761610000e5eb8c9ebe40fb416ca7ec5ae8e9
0IBAqjHG8DSaD7PPCGnGiZ;Babyshambles;https://i.scdn.co/image/ab6772690000c46ca38680140c3149fcdb305d1b
0ikiOZC4SDG6OrgHLESydg;Peter Doherty;https://i.scdn.co/image/ab6761610000e5eb9b619e65aecbb008c5c3c096
6fHETUBbKmdmgybtFOFQuc;Dirty Pretty Things;https://i.scdn.co/image/79c68a4ac601aeaadfae71345d8edb6478829175
6OiHleP2bHM18dXq4aZQWt;The Coral;https://i.scdn.co/image/ab6761610000e5ebc5fa6b8d66b263ccc1a3a8cd
51Eq6WMVEOjjx9KQMAnneG;The Cribs;https://i.scdn.co/image/ab6761610000e5eb13ec7c7aba0bb0d289c10b0f
1fy3AQc7grjf5LnCd7snSg;The View;https://i.scdn.co/image/ab6761610000e5eb2e5af35098af56ec2a6e2747
1NfJU4hy56Z4UM4iyIa1B2;Courteeners;https://i.scdn.co/image/ab6761610000e5ebc29905cd305d81e13467a8d9
450iujbtN6XgiA9pv6fVZz;Razorlight;https://i.scdn.co/image/ab6761610000e5eb1f353889dbfb73f6c8dbbdd7
7FPkZue0zzjHaOPJb4WCw3;The Pigeon Detectives;https://i.scdn.co/image/ab6761610000e5eb6115c0c7a614d8e72f877091
0Ak6DLKHtpR6TEEnmcorKA;The Vaccines;https://i.scdn.co/image/ab6761610000e5ebf0860b75ff143c63bafbb6e7
01ZP85CNi7Y9t1e0one46k;The Enemy;https://i.scdn.co/image/ab67616d0000b273f82acb0f04905abf41bc044f
3M4ThdJR28z9eSMcQHAZ5G;The Fratellis;https://i.scdn.co/image/ab6761610000e5ebd693efe23dcda7b9595e77ec
3Rsr4Z96O6U3lToOiV3zBh;Jamie T;https://i.scdn.co/image/ab6761610000e5eb6e86289aa31700238646da06
3M0H4efyA5YcijrKlaKbYn;Miles Kane;https://i.scdn.co/image/ab6761610000e5eb29b22b9652ce23d54b74171d
4witOSloY5fbZOrzjyhpzk;Carl Barât;https://i.scdn.co/image/ab6761610000e5eba25e3b84a3b91dee4133e102
5fScAXreYFnuqwOgBsJgSd;The Charlatans;https://i.scdn.co/image/ab6761610000e5ebc8b6a877dcfb6c00be749304
2qlAMLpUyBjZgnzuFXXZXI;Klaxons;https://i.scdn.co/image/ab6761610000e5eb608059419c25c16e48db6755
2qV7axHq9Jk7QqFcB3f05A;The Zutons;https://i.scdn.co/image/ab6761610000e5eb05073efdf289de9b074abc1f
2xPxXPgmZFs7x6xRFpHwkq;The Ordinary Boys;https://i.scdn.co/image/ab6761610000e5ebd32c5b45c5008cd1d669f020
14Gi3Uph96lpNB3utkoVAD;Hard-FI;https://i.scdn.co/image/9eb4270b0c5de61cb6d26fc530ff17338d8c5074
14GEKKALFIO2oB9IdGXg2e;Reverend And The Makers;https://i.scdn.co/image/ab6761610000e5eb179495645ec5797fe096fa3d
3TBfn8PtXr42OrTPaoC3E8;The Futureheads;https://i.scdn.co/image/ab6761610000e5ebdc850d067e6bbfbb6409f69a
0vBDEQ1aLZpe4zgn2fPH6Z;Cast;https://i.scdn.co/image/ab6761610000e5eb1de15a7cb550e48060238cb8
4AksvCnkZaQoTu1nJr62Db;The Feeling;https://i.scdn.co/image/ab6761610000e5ebe2e51347a3a0c92b593f482a
1dekSPU23UC5hw5b8Uxk9W;Dodgy;https://i.scdn.co/image/ab6761610000e5eb7d8668f1e8b3dcf77db1d195
6C0JkmxU2cgkVzotHJgfW7;Athlete;https://i.scdn.co/image/ab6761610000e5eb99ad3e28ad6b7e82e2cd9051
5vIOGcdmx1eIkq3ZtuS12U;Ocean Colour Scene;https://i.scdn.co/image/ab6761610000e5ebf14b4d7a984c82aa2dd401be
0ZZr6Y49NZWRJc0uCwqpMR;Feeder;https://i.scdn.co/image/ab6761610000e5eb32fdbb620726c47f0c38edcd
3iejrAcqxYoVgyxp6zkWgs;Shed Seven;https://i.scdn.co/image/ab6761610000e5eb0ab12b424702f0efa9c389da
0tYc0gVOzssZmLpVO6wh7L;The Thrills;https://i.scdn.co/image/604b6f65c9c82bc277768770dcf2b09cd827ef73
2evydP72Z45DouM4uMGsIE;Ash;https://i.scdn.co/image/ab6761610000e5eb53ae5e13a2f872ce8dcc3a40
66nOkPJTFgK25NMmojG04V;The Bluetones;https://i.scdn.co/image/397a8aeda8c4e45ff4323096ca90e6f29a87732a
4LlDtNr8qFwhrT8eL2wzH4;The Hoosiers;https://i.scdn.co/image/ab6761610000e5eb65333161d739106196bfdb05
35YNL4wwv11ZkmeWWL51y7;We Are Scientists;https://i.scdn.co/image/ab6761610000e5eb41f2e51e3f747ce9af716d5b
166Dz1GX3xonSQ3Z6CQW26;The Rapture;https://i.scdn.co/image/0d5f9ab947edf8f3f7957086668af63b7c239532
3MM8mtgFzaEJsqbjZBSsHJ;Bloc Party;https://i.scdn.co/image/ab6761610000e5ebaedaa06a45e223f66a686556
4bFfSfCBYpFh37ziXCSqUs;"Does It Offend You, Yeah?";https://i.scdn.co/image/ab6761610000e5eb5cae76c26287be408b1fbcfd
5ZBQea34QfBgEDkcGEKK2b;Late of the Pier;https://i.scdn.co/image/153e0b9c0cd76cd151427bf919b9262252aec3d5
048FBwXjFYBWxSggPDipic;Maximo Park;https://i.scdn.co/image/ab6761610000e5eb777745d59f34f907b56fbade
3mZqziCJj4pq3P2VBpmK6p;Friendly Fires;https://i.scdn.co/image/ab6761610000e5eb0dc9b2da8529ee1bda8fe04b
7EFB09NxZrMi9pGlOnuBpd;The Horrors;https://i.scdn.co/image/ab6761610000e5ebdb513fc45b49817c2a931a23
09K1H1DgyIXHsMx2j7KTFX;Mystery Jets;https://i.scdn.co/image/ab6761610000e5eb55ad344930217155ff4e15f5
0vW8z9pZMGCcRtGPGtyqiB;The Maccabees;https://i.scdn.co/image/7446b5ed44788a95db015fda010a94a824d61d35
7mDQwcnDUGuSoggxbUtVc1;The Rakes;https://i.scdn.co/image/fd23d610c0f8bcb7604cf5431c1dc199dbda633e
6ssXMmc5EOUrauZxirM910;White Lies;https://i.scdn.co/image/ab6761610000e5ebf31fffaa47cecee5ab2b3ab6
6e9wIFWhBPHLE9bXK8gtBI;Editors;https://i.scdn.co/image/ab6761610000e5eb02f411bd3acd4f49905f2564
6PHIK3kjWggLtVygsOtpqS;Suede;https://i.scdn.co/image/ab6761610000e5eb4e8b3527bf2a39b2c8d48025
13W7XLRXdWeLmIu9vacE1w;Jarvis Cocker;https://i.scdn.co/image/ab6761610000e5eba135672ff2591116ae3b15ac
0sHeX8oQ6o7xic3wMf4NBU;Supergrass;https://i.scdn.co/image/ab6761610000e5eb07cb4c66b99dffbd82328366
339DNkQkuhHKEcHw6oK8f0;Happy Mondays;https://i.scdn.co/image/ab6761610000e5ebcc97b5500db463902db72582
3wury2nd8idV4GecUg5xze;Primal Scream;https://i.scdn.co/image/ab6761610000e5eb67fc8710036b6a053baef3d5
2uH0RyPcX7fnCcT90HFDQX;Manic Street Preachers;https://i.scdn.co/image/ab6761610000e5eb4f06761da7025701b21accf3
3l14gV4hIMAjmo7KUvEWTx;Elastica;https://i.scdn.co/image/e1209352f7da3a0bbfb9f14ec839a4042358a1ad
0qLNsNKm8bQcMoRFkR8Hmh;James;https://i.scdn.co/image/ab6761610000e5ebba54d75e185cf6dac1eebbc8
66GWpx9iLxrvvfhDsG9STP;Inspiral Carpets;https://i.scdn.co/image/ab6761610000e5eb8b31d01780356c0f38e6c445
47Z8LEl3LnQkcpva0xSthT;The La's;https://i.scdn.co/image/e2657fa7789ec2be647b71076b46f980f7540c73
3s398TKZNahAURRacx7oIT;Ian Brown;https://i.scdn.co/image/323c1776ee8dccf0614bbecd20c8261441e64c67
4rjlerN21ygkIhmUv55irs;The Jesus and Mary Chain;https://i.scdn.co/image/ab6761610000e5ebf598fce956e0bd62981cb202
67YNiSqhrx1P8oPvIIvbP5;The Lightning Seeds;https://i.scdn.co/image/ab6761610000e5ebb8eb1cf84d5d4eabe6b3fc69
3mbVe260Kgvs1P8YFcCyY7;The Seahorses;https://i.scdn.co/image/fa8d9223b4c396efdde9eaf8771ae6e11bbdd632
147FGf3bdxV1L0mmVtgaJR;Black Grape;https://i.scdn.co/image/d6d9ab3d956b9cf9a3a9a5d60af24c4fa728f5d3
3lN1TG4RIoaJCff6Ck9KUR;The Farm;https://i.scdn.co/image/9945fa94b81f70c123d1cc1a132e2fa1577ee36f
0Uo1d5A6BR1I155GlD9WYo;The Wonder Stuff;https://i.scdn.co/image/fa2856fba1676a9fedfcfe1da7b9f8b552f9b8ce
0NbfEPYRgMczimdfM3skmH;Sleeper;https://i.scdn.co/image/ab6761610000e5eb776b77128f1c54e5d1fcdd70
6bGcpvHbRHg8s0wiNyIZK1;Kula Shaker;https://i.scdn.co/image/ab6761610000e5eb5875885888fbe9396a55aaf1
74K7bX12L8GBAWvPuyIgJ7;Embrace;https://i.scdn.co/image/ab6761610000e5eb38628e196ab3a50208dc6c80
28KtnfdwBHptsGPPWjeovU;Trampolene;https://i.scdn.co/image/ab6761610000e5eb2c46e7804d6948c1a8305013
4phkzibJcNQEaNlVzXnmaK;Yeti;https://i.scdn.co/image/ab67616d0000b273d4c7880f5277a8e3910a71e0
3f8gYJ4wHhuPp6DlDSjOjy;John Hassall & The April Rainers;https://i.scdn.co/image/ab67616d0000b27314d441eee2ea416f005b514c
15dpP4ak7Z35TvysdicaUr;The Paddingtons;https://i.scdn.co/image/ab6761610000e5eb94e86281a7115c8dec8b0609
3Sr1muUE6DYihFufoHpnfc;The Rifles;https://i.scdn.co/image/ab6761610000e5eb1189cf71b24aa950beccd980
1KlihEB7FggW8e9cMbPXAz;Milburn;https://i.scdn.co/image/ab6761610000e5eb67d8d79858d515da061c832d
08qVitADYxRzkx2XDd3PWU;Helsinki;https://i.scdn.co/image/ab67616d0000b27354d7cc9b34de628189355641
5yBDILLJyNFAjFpECkk7ys;Beady Eye;https://i.scdn.co/image/7fe71332cf574cb43041476407a4df7bdcfae50a
721LNYldlmaLlKi0IQ5ClK;Little Man Tate;https://i.scdn.co/image/ab6761610000e5ebc5734a2299f56f276bd8af70
3sVKVwY8TD445BiC6Q4B43;Palma Violets;https://i.scdn.co/image/3e281374969152c9ff3bd63cabb71ed0f1220646
0Qj55LNePxFqsslmw1TvNb;Adam Ficek;https://i.scdn.co/image/ab6761610000e5ebdc9286b4ddcb06974767a49d
7ueZp29tCNwjIj4yAMTEaC;Graham Coxon;https://i.scdn.co/image/ab6761610000e5ebac761badea168222699485de
2Z7UcsdweVlRbAk5wH5fsf;The Last Shadow Puppets;https://i.scdn.co/image/1e721c9502da1663fe9dd0b9f8a90519546f0a9f
1ctkBmvz80MGyi72Ix055S;Alex Turner;https://i.scdn.co/image/ab67616d0000b273672951d44a35cb08092f2c1f
07xbJ7SM1JopFtI1qXvSww;Mini Mansions;https://i.scdn.co/image/ab6761610000e5ebf793aede6530d5bc36ab20a4
22RISwgVJyZu9lpqAcv1F5;Blossoms;https://i.scdn.co/image/ab6761610000e5eb66a7a2c4937d3170f6e6a8dc
7qZ3cinlwpZtJpylqOLFCA;The Jaded Hearts Club;https://i.scdn.co/image/ab6761610000e5eb0918292d98a10b1fb96408a4
7DruTvBV7owt1aSAZHsU58;Viola Beach;https://i.scdn.co/image/c5d890483fa35500ad23db6e03c1a711cec891fc
19t4krGrwyr10giUMdv8BK;The Twang;https://i.scdn.co/image/ab6761610000e5eb9f8f46000357558416f3cfcc
4GvOygVQquMaPm8oAc0vXi;The Streets;https://i.scdn.co/image/ab6761610000e5eb4b7d7580bc3796bb446537fb
6hl5k4gLl1p3sjhHcb57t2;Circa Waves;https://i.scdn.co/image/ab6761610000e5eb243370dff3334626cdfc005f
4fgXfJCQnK6c44u4KzAtQP;Sundara Karma;https://i.scdn.co/image/ab6761610000e5eb5ea5538eeb8356c36e4bc94c
4DToQR3aKrHQSSRzSz8Nzt;The Hives;https://i.scdn.co/image/ab6761610000e5eb483be6edf9ba0ded3446c696
2kZFz0oADF6cgGnqURtvNb;Eye of the Enemy;https://i.scdn.co/image/ab6761610000e5eb5d700e5c00430a58c85dbbf5
1tcrgTKBUpGVRGnPz4breO;Words Of Farewell;https://i.scdn.co/image/ab6761610000e5ebf9b496a78476d2aa4d75679a
6ckq60ZYOQgb3qpcBIWt1E;Horizon Ignited;https://i.scdn.co/image/ab6761610000e5eb005b53f3dca72c1dbddccc4c
0ghRTkV2iiiNnfQPOSPe9R;Fractal Gates;https://i.scdn.co/image/ab6761610000e5ebe645d0f749d80322e796a3fc
54T3fmk25giTpL4mBmqIHy;Parasite Inc.;https://i.scdn.co/image/ab6761610000e5ebb632aa37b1c98457a2058821
4uPWvwgl5qwMLqyUSZPhnv;Deals Death;https://i.scdn.co/image/ab67616d0000b2730604a19a2615aba5d086c3e2
5LDGgIxaWuRV4KlY6oob6b;Bloodred Hourglass;https://i.scdn.co/image/ab6761610000e5eb6b8e1661846a15614e3d286d
6OTqwzePF081l2Oz9PEku8;Mors Subita;https://i.scdn.co/image/ab6761610000e5eb64fc40c47e728b339b96051a
553eIV3aSzE17cxgVVG7o6;Destinity;https://i.scdn.co/image/ab6761610000e5eb80e17491e066f7978e5db75f
0er4R5wQIjww94ziq9YcBf;Lahmia;https://i.scdn.co/image/ab6761610000e5ebe2cf18cda5eb93a3b46d662d
1k0jnWb55QS6FjTU9LzMhi;Mors Principium Est;https://i.scdn.co/image/ab6761610000e5ebea4192d1d8d9637db60e1d4c
2EEEbwWWWtDaYvAw84a7N2;Valtari;https://i.scdn.co/image/ab6761610000e5eb49b0b3adac19e712da49007b
4C2Ql0yYOdgv6yYiWfJ7jd;Countless Skies;https://i.scdn.co/image/ab6761610000e5eb8cea57cb9005d491478711a2
6dhqzgrbFggOBns03STnU3;Nightrage;https://i.scdn.co/image/ab6761610000e5eb3ee9b3a0a03016e9f3a33014
2Ym9WvIrSd6TCZZgqacWWn;Cypecore;https://i.scdn.co/image/ab6761610000e5eb576caf94843ae1c64e95573d
3Oc3JnQKIW7ZNPXS0yf6QV;Dark Oath;https://i.scdn.co/image/ab6761610000e5eb8f4d581affa5a82b8b08acf0
3xdRLrB6lz0WEh66MUt98U;Rise to Fall;https://i.scdn.co/image/ab6761610000e5eb3bb55089b9ec133eb275d4f1
4Kp5aJmd0eGvJFHSeyjwVB;The Fading;https://i.scdn.co/image/ab6761610000e5eb2e9c61c2e0eba82f756336e3
3YDtlBGmfvE2Xw0avhHeK5;Brymir;https://i.scdn.co/image/ab6761610000e5eb3699b76e37a6519d82736b6f
2qvK5iLLoDV5mJeAvh5uka;The Halo Effect;https://i.scdn.co/image/ab6761610000e5eb101138dec19b8a19ff0ebcda
6kHWyrEP6fus2LKJU5BNZg;The Duskfall;https://i.scdn.co/image/ab6761610000e5eb8ebda7ceb1a2cd8e916ff328
0Ya43ZKWHTKkAbkoJJkwIB;The Wombats;https://i.scdn.co/image/ab6761610000e5ebb1dfda0b1915ee7f18683482
3pTE9iaJTkWns3mxpNQlJV;Bombay Bicycle Club;https://i.scdn.co/image/ab6761610000e5ebe210b053175600ecb893bf93
2O9XW1nnGRMkMV1wpK8IiS;Peace;https://i.scdn.co/image/ab6761610000e5ebe2f0906372b1797cd7b34c56
4hf3caW9H8uFwwbv5pFjcg;Jake Bugg;https://i.scdn.co/image/ab6761610000e5eba1206460462defc8e9c045f3
0ucpA79hkvtJ2qtPv1yXVm;The Holloways;https://i.scdn.co/image/ab6761610000e5eb76881ffa3da26d3cd76f3bc6
2wpJOPmf1TIOzrB9mzHifd;Scouting For Girls;https://i.scdn.co/image/ab6761610000e5eb4a65fb59df4f6b05f924ee13
4SrofCfzlhtiKRAsMfBxV4;The Sherlocks;https://i.scdn.co/image/ab6761610000e5ebb220851835c2ccb32c0d8fe5
6PXYvMeTixxDzYAYugMlbg;The Lathums;https://i.scdn.co/image/ab6761610000e5ebc6f8d891f7f2ea3b41879d12
6DlKk9ibc9dCgvyNPGNXdH;The K's;https://i.scdn.co/image/ab6761610000e5eb998cdd73eb1eca3803c85122
4AzAfQNuAyKOFG4DZMsdAo;The Snuts;https://i.scdn.co/image/ab6761610000e5eb21feaa7e84fdd47734bb5e34
7cpCnhhBIU1gA7EhTFApN1;Gerry Cinnamon;https://i.scdn.co/image/86607b2a040158449e7b9677e794ead727e79306
3RHoFGKe6KE3LLml7ujPKJ;The Reytons;https://i.scdn.co/image/ab6761610000e5ebc1b6050190471330873ec173
0WI8BqDOolPRIxJy1ZHleB;The Broken View;https://i.scdn.co/image/ab6761610000e5ebcf8d403d6a1b30b531d32b88
28XopU8Uw6D6Wl7rIgCVNE;Villain of the Story;https://i.scdn.co/image/ab6761610000e5eb2fff842ff0ff1d21ed229c3e
4MzVKgTDdo0Kx76AynHtDJ;Sun Never Sets;https://i.scdn.co/image/ab6761610000e5eb947c251553909457738bd148
1WmFkdy2mHEoItVK2t7OL9;Keith Wallen;https://i.scdn.co/image/ab6761610000e5eb307898129d063eda0f0d1080
5BKEV71K0K8ZhTbNRVRAXR;Silent Theory;https://i.scdn.co/image/ab6761610000e5ebd4bde0b48e4b98087c8e9f2d
1QpYiCxy3p5Wz7HtomBqHU;Our Mirage;https://i.scdn.co/image/ab6761610000e5eb92bdd07300407be9cb765879
4hX5bnF8mzbfHS8v9uHOwk;Flight Paths;https://i.scdn.co/image/ab6761610000e5eb2bfbc5c90146445ed4c5d6ed
45ez02u0CzZzTXmWJCiSCc;Take The Day;https://i.scdn.co/image/ab6761610000e5eb1b963c9042fb4ea76b9889ad
6NBTugXQTyoUtK5AK0tIm3;From the Ash;https://i.scdn.co/image/ab6761610000e5ebdd6800afe66b7dcef6599b66
4mB7N1vqJYsBcvVMSEMltD;Line So Thin;https://i.scdn.co/image/ab6761610000e5ebe8576437ac589e4761ef3524
5byg90wTxATnhB6kK253DF;Fight The Fade;https://i.scdn.co/image/ab6761610000e5eb02e0dd2ef990ca3a5c2b042f
1SPkKp6zKlXjB6oiWZI04b;Nerv;https://i.scdn.co/image/ab6761610000e5ebc0c04ee52cbf946d724abb2b
1j55zNwCQ3jhbNsnmrOrwr;Written by Wolves;https://i.scdn.co/image/ab6761610000e5eb2a3de84587399be9d651313b
4yMIEw1F5ALRIv7bZz0jid;Late Night Savior;https://i.scdn.co/image/ab6761610000e5eb830797d4ce63e2a4160fa86e
271JhHWMjcrOcExyEO92Hj;Project Vela;https://i.scdn.co/image/ab6761610000e5eb3e63943085b9cf27aac70c05
7xrxYdkeO8JiGJ5Goiwh7J;ALESTI;https://i.scdn.co/image/ab6761610000e5eba1bc67c8d016fd5a62f345f2
04zBcnoPvgI18ke2VEoFqr;Brian Dalton;https://i.scdn.co/image/ab6761610000e5ebd3a1d42bf2463123d4128ab2
532HqXyMwz9IIzs19qgtDW;The Darkest Moment;https://i.scdn.co/image/ab6761610000e5eb9078fbaf7457de71822ad899
5gFZo6Oh5WehnbEj0XtxiF;Like A Storm;https://i.scdn.co/image/ab6761610000e5eb5772574f70e4b50d767e7b82
6Gnk08ItppARKX1z1EW3Vn;Archetypes Collide;https://i.scdn.co/image/ab6761610000e5eb62ff70dc2353591cf80a1388
6ifZyHLaUfu3ViOaGfz8fk;Wake Up Hate;https://i.scdn.co/image/ab6761610000e5eb9074287341b7f32ac3746397
3On7zXKjSRYhbsuUpLJ59k;The Sunshine Underground;https://i.scdn.co/image/5b6c16e2a6d110d61b6baf79e311b485cd498965
4kYNTq3njMHBcnv8Di0v0Y;Young Knives;https://i.scdn.co/image/ab6761610000e5ebc8ca378c9cb2aef5c8e2270d
1SBU4DvQapOFCnxMzENUkp;Good Shoes;https://i.scdn.co/image/ab6761610000e5ebfb1eb936e8acea7834aa7de5
0LVrQUinPUBFvVD5pLqmWY;Doves;https://i.scdn.co/image/5673993c75d8a559888815db16b26bad9646b3c4
4BntNFyiN3VGG4hhRRZt9d;The Subways;https://i.scdn.co/image/ab6761610000e5eb14979aff4faec295d5a13640
3RyJG8xp58XSmsiuIySzUj;Adam Green;https://i.scdn.co/image/ab6761610000e5eb615d26cb73ecd63546b93eed
6iy8nrBbtL57i4eUttHTww;"The Good, the Bad & the Queen";https://i.scdn.co/image/ab6761610000e5eb6edfd1091dc218ca1fc8668c
536BYVgOnRky0xjsPT96zl;Two Door Cinema Club;https://i.scdn.co/image/ab6761610000e5eb86faeb97a905a571b2c361a0
2xaAOVImG2O6lURwqperlD;Catfish and the Bottlemen;https://i.scdn.co/image/ab6761610000e5ebaa7e4337ef3969e7ce27876e
6FQqZYVfTNQ1pCqfkwVFEa;Foals;https://i.scdn.co/image/ab6761610000e5eb5f0109249ffd70b2d85a9467
1xU878Z1QtBldR7ru9owdU;Phoenix;https://i.scdn.co/image/ab6761610000e5eb722051daeb10119e2e039724
1HOeqtP7tHkKNJNLzQ2tnr;Everything Everything;https://i.scdn.co/image/ab6761610000e5ebcc2117b88d7eb2f20249efed
75dQReiBOHN37fQgWQrIAJ;Local Natives;https://i.scdn.co/image/ab6761610000e5eb933d70130e761865d9194648
7cfhZmKaLWzNLwHDxzugUH;Little Comets;https://i.scdn.co/image/ab6761610000e5eb98d148293fe7d15178b3ceee
0aeLcja6hKzb7Uz2ou7ulP;Noah And The Whale;https://i.scdn.co/image/76ea79b6425f380ffe66f1665881529a15213a5d
4W48hZAnAHVOC2c8WH8pcq;The Temper Trap;https://i.scdn.co/image/ab6761610000e5eba732660add2823e7a3e307ca
5BvJzeQpmsdsFp4HGUYUEx;Vampire Weekend;https://i.scdn.co/image/ab6761610000e5eb0bb49b0b71ab3f5871860617
2Jv5eshHtLycR6R8KQCdc4;Grizzly Bear;https://i.scdn.co/image/ab6761610000e5ebd83c7123395d4e3e6f46f7e8
7gjAu1qr5C2grXeQFFOGeh;Passion Pit;https://i.scdn.co/image/ab6761610000e5ebc1554b18e96bf7329531a107
1rAv1GhTQ2rmG94p9lU3rB;Julian Casablancas;https://i.scdn.co/image/e7a1396741154b787911a8c6c9ba21a6f5b55a5f
2qqZbV6smvvtohQOUgZqKa;Alexandra Savior;https://i.scdn.co/image/ab6761610000e5eb8e80504494065935a25d9c69
1Li0eIWeMeWcOOWpImcG9H;Albert Hammond Jr;https://i.scdn.co/image/ab6761610000e5eb785a6ede0ca23d01803b74f3
0p5axeJsbtTCXBrRVoKjwu;The Drums;https://i.scdn.co/image/ab6761610000e5eb5aa228084150aad9199d2575
26T3LtbuGT1Fu9m0eRq5X3;Cage The Elephant;https://i.scdn.co/image/ab6761610000e5eb4b895ec91da05e35c650fa60
3WaJSfKnzc65VDgmj2zU8B;Interpol;https://i.scdn.co/image/ab6761610000e5ebc31f8e7aad462874455cf070
4nUBBtLtzqZGpdiynTJbYJ;The Voidz;https://i.scdn.co/image/ab6761610000e5eb7f164ed00a6488181fb63fa3
6u11Qbko2N2hP4lTBYjX86;Peter Bjorn and John;https://i.scdn.co/image/ab6761610000e5eb9cc950721c840af3679622f3
3kjuyTCjPG1WMFCiyc5IuB;Arcade Fire;https://i.scdn.co/image/ab6761610000e5eba044e15eee771205956dcbf8
0SwO7SWeDHJijQ3XNS7xEE;MGMT;https://i.scdn.co/image/ab6761610000e5eb9dccdc8f4087cbe2bdedc9d3
4l1cKWYW591xnwEGxpUg3J;Miike Snow;https://i.scdn.co/image/ab6761610000e5eb5d44d2c9d050e48ee85a806d
54QMjE4toDfiCryzYWCpXX;Metronomy;https://i.scdn.co/image/ab6761610000e5ebae5bfca273012a12aa469dfe
4EENT7N7rCBwrddM3s0vFS;Cut Copy;https://i.scdn.co/image/ab6761610000e5eba853e2d9139528ce18f94119
67hb7towEyKvt5Z8Bx306c;Empire Of The Sun;https://i.scdn.co/image/ab6761610000e5eb7c8e910ff83c55999319c4f0
1qcU8NabUQ5efQf8UGW6CV;The Whitest Boy Alive;https://i.scdn.co/image/ab6761610000e5eb62032e3e1797f1cb1e5bf3da
4LG4Bs1Gadht7TCrMytQUO;The Shins;https://i.scdn.co/image/ab6761610000e5eb6c87e9e995eedad42e73dcc4
3TNt4aUIxgfy9aoaft5Jj2;Yeah Yeah Yeahs;https://i.scdn.co/image/ab6761610000e5eb0185e7016121628470a1b73b
0oeUpvxWsC8bWS6SnpU8b9;The Naked And Famous;https://i.scdn.co/image/ab6761610000e5eb1b0c23f02c20730e909961e9
2bcrMsFlF632EQ6VZERWFu;The Bravery;https://i.scdn.co/image/ab6761610000e5ebf8c27bb10b12f42de3cbe41a
3HJIB8sYPyxrFGuwvKXSLR;TV On The Radio;https://i.scdn.co/image/b13e733ea4dad41a53bf1b4eedb8ba6ca8d3dc84
52pNByiBWx6SVMMqqcCA74;The Magic Gang;https://i.scdn.co/image/ab6761610000e5eb9b29e70dac8afb967eaeb7da
1ShwUjKIwQRaUJij7jgRhp;The Night Café;https://i.scdn.co/image/ab6761610000e5eb23ba1b779a3b26afb8e19f13
45FqwUG4hTT6d39r2HUsUe;Sea Girls;https://i.scdn.co/image/ab6761610000e5eba46332ddbc28102b3ebff363
7243txmysJ4KbRmH8UAMKO;The Amazons;https://i.scdn.co/image/ab6761610000e5ebff3b4bc191ca2b3aa9a5c7ff
5YA1c6yVkPnflTLMfOgjzc;Vistas;https://i.scdn.co/image/ab6761610000e5eb13c424550e412d9c5fbbde9f
7jZycSvTyx0W9poD4PjEIG;The Hunna;https://i.scdn.co/image/ab6761610000e5ebae238c89ac944b2ba174a5e7
4hfrzKkUsrb3Cz209SKxbo;Ten Tonnes;https://i.scdn.co/image/ab6761610000e5eb0fd1ae616da5ab62b6c96fa5
5CMAV0Fr8uS2YqlR1ZG5lA;High Tyde;https://i.scdn.co/image/ab6761610000e5eb6a4007937d935ca620b71a68
3E3NOIlw2s1ZPU9GRB9jaq;JAWS;https://i.scdn.co/image/ab6761610000e5ebe30f4b9984a0bc6358a2d856
7MkyChCSbNBozQ6jq79lop;Marsicans;https://i.scdn.co/image/ab6761610000e5ebd49ae1eebb80f59c636ccf21
4Xxkt0tSJr1uNxGDZcJLRc;VANT;https://i.scdn.co/image/ab6761610000e5eb53ef067428898cf225e963e9
6kXp61QMZFPcKMcRPqoiVj;Gin Blossoms;https://i.scdn.co/image/ab6761610000e5eb5c0f1358900eef3ae120f159
4j7EVY3kuDwLPfD2jfC7LC;Toad The Wet Sprocket;https://i.scdn.co/image/ab6761610000e5eb9f8c2c7d4d2bd3dfd6d074a7
4UuoJfJ9UybJft7a8E6UHX;Better Than Ezra;https://i.scdn.co/image/ab6761610000e5eb20dca8f0cc5eb6d6a7fb5082
242iqFnwNhlidVBMI9GYKp;The Verve Pipe;https://i.scdn.co/image/ab6761610000e5eba91b1b17434138adf2ad7981
2PSiyldxmJze7xiqbz658m;Spin Doctors;https://i.scdn.co/image/ab6761610000e5eb407e011fe4e9100c670c0074
6qXwLwTLdA44HYsA26vaNU;Tonic;https://i.scdn.co/image/ab6761610000e5eb686d2d81ff6004575ff74d53
0jJNGWrpjGIHUdTTJiIYeB;The Wallflowers;https://i.scdn.co/image/ab6761610000e5eb0a4af4cd63929557732106d6
7m60UAnbgFFNuJbmS6OxTk;Sister Hazel;https://i.scdn.co/image/ab6761610000e5ebfd2453b87dde4f544a14988f
02da1vDJ2hWqfK7aJL6SJm;Soul Asylum;https://i.scdn.co/image/ab6761610000e5eb0a6ab0c900faf7160d02cbe7
6F3NW2aC9Sni1FH7QPSLvw;Dishwalla;https://i.scdn.co/image/ab6761610000e5eb327866412875d580bd75c9f4
4e5V1Q2dKCzbLVMQ8qbTn6;Collective Soul;https://i.scdn.co/image/ab6761610000e5eb7cefc8031e13c2b9aa2a1fd4
3pHeBYl1yujXcZqqfF1UyQ;Blues Traveler;https://i.scdn.co/image/ab6761610000e5eb0a75e80e419fa64836518832
08ct2eZF5lUPdJpHwNKWof;Hootie & The Blowfish;https://i.scdn.co/image/ab6761610000e5eb91eb2080e86283e38d2d438e
6Hizgjo92FnMp8wGaRUNTn;Vertical Horizon;https://i.scdn.co/image/ab6761610000e5ebc7a91ecbdde7a0de84b2f0ba
1TqQi97nqeiuOJrIFv5Sw0;Semisonic;https://i.scdn.co/image/ab6761610000e5ebcbac00ef1ac185c67665e970
4W4gYpQ2AQq7US2HZS13Qw;Blessid Union Of Souls;https://i.scdn.co/image/ab6761610000e5eb16285560157115a1f807b7f5
694QW15WkebjcrWgQHzRYF;Everclear;https://i.scdn.co/image/ab6761610000e5eb4b2f039f936f88e047163c9d
4Eqd24yS5YcxI8b6Xfuwr8;Eve 6;https://i.scdn.co/image/ab6761610000e5ebaac60f5863d2df0b1425955a
7FtVJzRtpQpU61nBwB7cKN;Fastball;https://i.scdn.co/image/ab6761610000e5eb5970ca9034265f46af089162
6TcnmlCSxihzWOQJ8k0rNS;Third Eye Blind;https://i.scdn.co/image/ab6761610000e5eb6b1e8135b0741308a3f38ded
0dEvJpkqhrcn64d3oI8v79;Barenaked Ladies;https://i.scdn.co/image/ab6761610000e5eb6f38e73a455b76c9e84d2e05
4F84IBURUo98rz4r61KF70;The White Stripes;https://i.scdn.co/image/ab6761610000e5eb70cc06de8fc28226d4743cd9
6zvul52xwTWzilBZl6BUbT;Pixies;https://i.scdn.co/image/ab6761610000e5eb6397f98673384aa50c9581df
432R46LaYsJZV2Gmc4jUV5;Joy Division;https://i.scdn.co/image/5eeddd733170399db794d2c430a8d2cde7ae1425
3yY2gUcIsjMr8hjo51PoJ8;The Smiths;https://i.scdn.co/image/481b980af463122013e4578c08fb8c5cbfaed1e9
37uLId6Z5ZXCx19vuruvv5;Hot Chip;https://i.scdn.co/image/ab6761610000e5eb5ac9cd80543c2d914f1c3cf1
3btzEQD6sugImIHPMRgkwV;Wolf Alice;https://i.scdn.co/image/ab6761610000e5eb8c758dc10677dcff19a8193a
6zlR5ttMfMNmwf2lecU9Cc;Sam Fender;https://i.scdn.co/image/ab6761610000e5eb3f024102223561c771cce4ed
1iUTUix5kea176M0uJTsh4;DMA'S;https://i.scdn.co/image/ab6761610000e5eb0312c993c4afdf1503ca842c
2D4FOOOtWycb3Aw9nY5n3c;Declan McKenna;https://i.scdn.co/image/ab6761610000e5ebd22f5179fa03de4acad6298d
4wo1267SJuUfHgasdlfNfc;The Raconteurs;https://i.scdn.co/image/1b222f51466c099834dfde3b8648d61e2fb82678
7vkiEK5D7Gf0z4M1Va0CXD;The Vines;https://i.scdn.co/image/760e4c55d45c4cd1912512c4e7cf317ea038fd92
5ypxebeHEIXjMtJb17uJlI;Jet;https://i.scdn.co/image/ab6761610000e5eb34f6e44625dfcedb05c1be96
7gP3bB2nilZXLfPHJhMdvc;Foster The People;https://i.scdn.co/image/ab6761610000e5ebb5a3c9a9ca40824e0f44ea78
3kVUvbeRdcrqQ3oHk5hPdx;GROUPLOVE;https://i.scdn.co/image/ab6761610000e5eb212e97916d72380d77a9db17
4j56EQDQu5XnL7R3E9iFJT;Young the Giant;https://i.scdn.co/image/ab6761610000e5ebf29db93f7f6a72cbf5f96b59
04Ye3owBSFJF5hnYWHtq9Q;Love Fame Tragedy;https://i.scdn.co/image/ab6761610000e5eb027541543cd60a6a90c43238
0zOcE3mg9nS6l3yxt1Y0bK;The Fray;https://i.scdn.co/image/ab6761610000e5eb09346c91165702351da32f07
5PokPZn11xzZXyXSfnvIM3;Lifehouse;https://i.scdn.co/image/ab6761610000e5eb12e6a316cab1c10592429fa4
2sil8z5kiy4r76CRTXxBCA;The Goo Goo Dolls;https://i.scdn.co/image/ab6761610000e5ebd06647dddf0f321a49934437
2qk9voo8llSGYcZ6xrBzKx;Kings of Leon;https://i.scdn.co/image/ab6761610000e5eb6fc940f2e99875ced9bafed0
5aMmmNxw4vgpc5XC6hK0zp;The Calling;https://i.scdn.co/image/ab6761610000e5eb5e130e1cea8ecf4dcd88bb34
7KMqksf0UMdyA0UCf4R3ux;James Blunt;https://i.scdn.co/image/ab6761610000e5eb3863fa2fdb07fb4fe1a9607d
1g1yxsNVPhMUl9GrMjEb2o;Plain White T's;https://i.scdn.co/image/ab6761610000e5ebe7307e9f17a33d20de1688ae
18Zv2g2vUcEGqJf6WnjfXN;Brandon Flowers;https://i.scdn.co/image/128ba7a16915a8e44d47cea57606d102f5b27b27
3AQRLZ9PuTAozP28Skbq8V;The Script;https://i.scdn.co/image/ab6761610000e5eb17287dc33dcde4a69fd71b59
3FUY2gzHeIiaesXtOAdB7A;Train;https://i.scdn.co/image/ab6761610000e5ebeb96a88993a929eaadbe4864
7FgMLbnZVrEnir95O0YujA;Five For Fighting;https://i.scdn.co/image/18bbcd7d392b5f48754d7d89afe37f979fb47199
0L6Gwm0JDrgIQJfjarWSUR;Edwin McCain;https://i.scdn.co/image/ab6761610000e5ebb8265b4d4ce6b64fd0e5ebb7
0ekbDNE2eOq8QiaXM34wer;Howie Day;https://i.scdn.co/image/ab6761610000e5ebc0b5ef9b8149782359ef0e0c
3aBkeBhwadnWMWoVJ2CxJC;Rob Thomas;https://i.scdn.co/image/ab6761610000e5ebdf4a9c1c93753b62120b658e
3Ngh2zDBRPEriyxQDAMKd1;Matchbox Twenty;https://i.scdn.co/image/ab6761610000e5eb2600695faee2deeb736755f0
4uN3DsfENc7dp0OLO0FEIb;Sugar Ray;https://i.scdn.co/image/ab6761610000e5ebff43c5735517a662439d0afe
4SQxI8xg6LcSWL3KuGVHLa;David Cook;https://i.scdn.co/image/ab6761610000e5ebd3653c3e0f268154160c59f2
6JL8zeS1NmiOftqZTRgdTz;Meghan Trainor;https://i.scdn.co/image/ab6761610000e5eb365984489dac7a79eac204e3
1l8Fu6IkuTP0U5QetQJ5Xt;Fifth Harmony;https://i.scdn.co/image/ab6761610000e5eb5acb3cb0a8b87d3952738b97
3e7awlrlDSwF3iM0WBjGMp;Little Mix;https://i.scdn.co/image/ab6761610000e5eb08cd53940cbf5813ee5fe565
2gsggkzM5R49q6jpPvazou;Jessie J;https://i.scdn.co/image/ab6761610000e5eb91f0dd753c09e051675a1ca6
64M6ah0SkkRsnPGtGiRAbb;Bebe Rexha;https://i.scdn.co/image/ab6761610000e5ebc692afc666512dc946a7358f
6S2OmqARrzebs0tKUEyXyp;Demi Lovato;https://i.scdn.co/image/ab6761610000e5ebcf674ecb51186e6408cd18c0
3BmGtnKgCSGYIUhmivXKWX;Kelly Clarkson;https://i.scdn.co/image/ab6761610000e5eb305a7cc6760b53a67aaae19d
4Rxn7Im3LGfyRkY2FlHhWi;Nick Jonas;https://i.scdn.co/image/ab6761610000e5eb780447f701c671015c2109a0
6sCbFbEjbYepqswM1vWjjs;Zendaya;https://i.scdn.co/image/fba29219867535aaed72b65c2cb363040cb98103
1zNqDE7qDGCsyzJwohVaoX;Anne-Marie;https://i.scdn.co/image/ab6761610000e5eb679c995b0d4a641ba32aa5f0
6LqNN22kT3074XbTVUrhzX;Kesha;https://i.scdn.co/image/ab6761610000e5eb93edab94acfe329cfcd339ec
5p7f24Rk5HkUZsaS3BLG5F;Hailee Steinfeld;https://i.scdn.co/image/ab6761610000e5eba961383967f3a3a54e794a15
2wUjUUtkb5lvLKcGKsKqsR;Alessia Cara;https://i.scdn.co/image/ab6761610000e5ebe74b7398634a741f74858dc7
5yG7ZAZafVaAlMTeBybKAL;Iggy Azalea;https://i.scdn.co/image/ab6761610000e5eb698a6abf2897a8fc8283cc0c
6jJ0s89eD6GaHleKKya26X;Katy Perry;https://i.scdn.co/image/ab6761610000e5ebdc9dcb7e4a97b4552e1224d6
5CCwRZC6euC8Odo6y9X8jr;Rita Ora;https://i.scdn.co/image/ab6761610000e5eb40aa25269cc326b0f97c8ae2
1Xylc3o4UrD53lo9CvFvVg;Zara Larsson;https://i.scdn.co/image/ab6761610000e5eb7619ca2683b434e139040f70
7gOdHgIoIKoe4i9Tta6qdD;Jonas Brothers;https://i.scdn.co/image/ab6761610000e5ebab4364d80728df548a4f7d77
1l7ZsJRRS8wlW3WfJfPfNS;Christina Aguilera;https://i.scdn.co/image/ab6761610000e5eb371cba21c6962a457c550b81
26dSoYclwsYLMAKD3tpOr4;Britney Spears;https://i.scdn.co/image/ab6761610000e5eb3a49b0a3954e460a8a76ed90
4nDoRrQiYLoBzwC5BhVJzF;Camila Cabello;https://i.scdn.co/image/ab6761610000e5eb99a94361a732b7eb49342d35
5Pwc4xIPtQLFEnJriah9YJ;OneRepublic;https://i.scdn.co/image/ab6761610000e5eb57138b98e7ddd5a86ee97a9b
07QEuhtrNmmZ0zEcqE9SF6;Owl City;https://i.scdn.co/image/ab6761610000e5ebce3fbd73ae4f8b3ff54a0a5c
3whuHq0yGx60atvA2RCVRW;Olly Murs;https://i.scdn.co/image/ab6761610000e5eb0f69adcd21b766fa18e3c3db
2NhdGz9EDv2FeUw6udu2g1;The Wanted;https://i.scdn.co/image/ab6761610000e5ebd34d138ebcda9fca6716e70c
2PCUhxD40qlMqsKHjTZD2e;Parachute;https://i.scdn.co/image/ab6761610000e5eb16b0f08dff5ee0de681b08b7
4phGZZrJZRo4ElhRtViYdl;Jason Mraz;https://i.scdn.co/image/ab6761610000e5ebc3b370fc26c83312db52af14
7EQ0qTo7fWT7DPxmxtSYEc;Bastille;https://i.scdn.co/image/ab6761610000e5eb8adcc86be23d2ed5b922d9f9
5DYAABs8rkY9VhwtENoQCz;Gavin DeGraw;https://i.scdn.co/image/ab6761610000e5eba79c060a14915e9c2e1b4518
3LpLGlgRS1IKPPwElnpW35;James Morrison;https://i.scdn.co/image/ab6761610000e5eb340fa517cfa6d15bb850c710
5P5FTygHyx2G57oszR3Wot;Daughtry;https://i.scdn.co/image/ab6761610000e5eb8d77449249782b0163f351a2
4BxCuXFJrSWGi1KHcVqaU4;Kodaline;https://i.scdn.co/image/ab6761610000e5eb0b99560e4162fe239ac6d3ba
4EzkuveR9pLvDVFNx6foYD;James Bay;https://i.scdn.co/image/ab6761610000e5eb613888dde99dca36aede8776
1xdB9gS1NrKEYgZUEfoqIw;Idlewild;https://i.scdn.co/image/ab6761610000e5eb1810ebafab1821f634016aae
4Bgfzia8wyaGaTn42egzTv;Catatonia;https://i.scdn.co/image/b50503f3b07485a2df6d403e0729dc0a780aa137
2QLe6Hv3OunsyrNaTRDxQn;Tom Chaplin;https://i.scdn.co/image/ab6761610000e5eb0a94984c7590a08ed18cc0ee
6YlvjoI4Xttgv5A0xbpmEw;Keuning;https://i.scdn.co/image/ab6761610000e5ebeb919097bc7887a9ddbc9438
1HGTHrRQkw0BtevSo1jucU;Richard Ashcroft;https://i.scdn.co/image/ab6761610000e5ebe47e49e8274d4b2715b0149e
3vAaWhdBR38Q02ohXqaNHT;The All-American Rejects;https://i.scdn.co/image/ab6761610000e5ebb57332e3fc2b97bb33577e65
0vWCyXMrrvMlCcepuOJaGI;BOYS LIKE GIRLS;https://i.scdn.co/image/ab6761610000e5ebfe545b76cb9f9d2e719107cc
7vXwfZyDp3spzIVNXDaTPN;Metro Station;https://i.scdn.co/image/ab6761610000e5ebe3a236c31e0350ea0984af8d
3ao3jf5d70Tf4fPh2bnXVl;We The Kings;https://i.scdn.co/image/ab6761610000e5eb5769c8fcb7cb9e65c7eb6b72
1SImpQO0GbjRgvlwCcCtFo;The Red Jumpsuit Apparatus;https://i.scdn.co/image/ab6761610000e5ebb4223cca4841b3e52a7133f1
5ND0mGcL9SKSjWIjPd0xIb;Bowling For Soup;https://i.scdn.co/image/ab6761610000e5eb431720ffc823f2babce011f9
6eouuqqGggqDlYRV63cgPo;Secondhand Serenade;https://i.scdn.co/image/ab6761610000e5eb6af2b0c6d451a9cf004398fd
7AsPubxWM5tfW4hTZEL3aP;Cute Is What We Aim For;https://i.scdn.co/image/17bbd2564a198a047fd824bd363a1d2554884f4e
5aYyPjAsLj7UzANzdupwnS;Good Charlotte;https://i.scdn.co/image/ab6761610000e5eb42c5b40a82c6349adc1449a2
0FWzNDaEu9jdgcYTbcOa4F;3OH!3;https://i.scdn.co/image/ab6761610000e5eb88c0f267b7c826cce063ff95
3zxKH0qp3nBCuPZCZT5Vaf;Yellowcard;https://i.scdn.co/image/ab6761610000e5ebf737c2d9bab95daf1e3c074c
3Ayl7mCk0nScecqOzvNp6s;Jimmy Eat World;https://i.scdn.co/image/ab6761610000e5eb0dc33cfd207772f8e2f6b46f
01lz5VBfkMFDteSA9pKJuP;The Click Five;https://i.scdn.co/image/91a8ed07a93bda12047370631501e8138a56ba79
0RpddSzUHfncUWNJXKOsjy;Neon Trees;https://i.scdn.co/image/ab6761610000e5eb2781a8f12aac83aaff949017
6jTnHxhb6cDCaCu4rdvsQ0;Hot Chelle Rae;https://i.scdn.co/image/ab6761610000e5eba4ed9ad0da4d1801ca1683df
2aYJ5LAta2ScCdfLhKgZOY;Cobra Starship;https://i.scdn.co/image/ab6761610000e5ebc48ae32aff5303453105b2d3
2eRJjYEaWyGZbOBGYFLBoC;The Ready Set;https://i.scdn.co/image/ab6761610000e5ebe7bb994a5989a72598d426ee
2p4FqHnazRucYQHyDCdBrJ;Simple Plan;https://i.scdn.co/image/ab6761610000e5eb9e889e992f5dc0e7bb632713
46gyXjRIvN1NL1eCB8GBxo;All Time Low;https://i.scdn.co/image/ab6761610000e5ebc8ae9b7a451d74da872bb3ac
3WfJ1OtrWI7RViX9DMyEGy;Mayday Parade;https://i.scdn.co/image/ab6761610000e5eb8c2f2cd7b6e3909707433264
0G8zjE6SsFTlbglCkU8pm3;Starsailor;https://i.scdn.co/image/ab6761610000e5ebfcd39bdef427095c85bd42a5
1zrBQvkTNhFFby4V5UiK2L;Turin Brakes;https://i.scdn.co/image/ab6761610000e5eb5dfe6fe0fb8e96b59f33f96e
244fcyNSuyhbRlMGfMbYrO;Badly Drawn Boy;https://i.scdn.co/image/ab6761610000e5eb0de568f024be254e54dc4142
766wIvoqqGrjRDnExOjJls;Thirteen Senses;https://i.scdn.co/image/ab6761610000e5ebb09c9a0b2376157d6173d57d
7xTcuBOIAAIGDOSvwYFPzk;Daniel Powter;https://i.scdn.co/image/ab6761610000e5eb1f1ea5c01092257885e0c627
2HcwFjNelS49kFbfvMxQYw;Robbie Williams;https://i.scdn.co/image/ab6761610000e5eb15709ba37709bc245a116a1c
0gadJ2b9A4SKsB1RFkBb66;Passenger;https://i.scdn.co/image/ab6761610000e5eb3eb6f55c271d954cc871954f
3nlHsNqwCSvT988ZfSW1Yh;Ronan Keating;https://i.scdn.co/image/ab6761610000e5ebc7538bd3293f5e3b292cf3e4
2mpeljBig2IXLXRAFO9AAs;Dido;https://i.scdn.co/image/ab6761610000e5ebf36e7b59cdaa0df8bee8e63f
1XgFuvRd7r5g0h844A5ZUQ;Take That;https://i.scdn.co/image/ab6761610000e5eb9582eebc30b3c88fdceb6f75
0dlOr0VIysztGWvU1dpjmP;Natalie Imbruglia;https://i.scdn.co/image/ab6761610000e5eb2e023776b822635846e1f5f1
6aZyMrc4doVtZyKNilOmwu;Colbie Caillat;https://i.scdn.co/image/ab6761610000e5eb08635ff0ed30023d2ee764a1
3NRFinRTEqUCfaTTZmk8ek;Savage Garden;https://i.scdn.co/image/ab6761610000e5eba218283491135c3c72911719
5MmVJVhhYKQ86izuGHzJYA;MIKA;https://i.scdn.co/image/ab6761610000e5ebc5adcd7630c57d002cc5a645
6QEAuf6FEo9WJ3sm2vpJ5m;Alex Band;https://i.scdn.co/image/ab6761610000e5eb86adae5fd40bdda7c99a31a5
2MqhkhX4npxDZ62ObR5ELO;Hoobastank;https://i.scdn.co/image/ab6761610000e5ebfd24e4299227b496c8bc9765
306JHpIRGVaQd6OltnOzUO;Nine Days;https://i.scdn.co/image/ab6761610000e5ebe12db6e9068b1c366f8d36a1
43sZBwHjahUvgbx1WNIkIz;Creed;https://i.scdn.co/image/ab6761610000e5eb0d86c8971cc4d6fa63d58bae
2RTUTCvo6onsAnheUk3aL9;3 Doors Down;https://i.scdn.co/image/ab6761610000e5eb2064b57344edc592454c8090
6BMhCQJYHxxKAeqYS1p5rY;Hinder;https://i.scdn.co/image/ab6761610000e5ebb36e61124d37a15925ed4f3c
12Chz98pHFMPJEknJQMWvI;Muse;https://i.scdn.co/image/ab6761610000e5eb0accbbe13e1aa147dd27671c
7jy3rLJdDQY21OgRLCZ9sD;Foo Fighters;https://i.scdn.co/image/ab6761610000e5ebc884df599abc793c116cdf15
7mnBLXK823vNxN3UWB7Gfz;The Black Keys;https://i.scdn.co/image/ab6761610000e5eb62526d21ffdce8d9b6e093e6
3gd8FJtBJtkRxdfbTu19U2;Mumford & Sons;https://i.scdn.co/image/ab6761610000e5eb9dadab92d8236e846b16fe3a
4pejUc4iciQfgdX6OKulQn;Queens of the Stone Age;https://i.scdn.co/image/ab6761610000e5eb909b2c4b7c768ee03445cd10
0vEsuISMWAKNctLlUAhSZC;Counting Crows;https://i.scdn.co/image/ab6761610000e5eba6f88c86470fd6350f4a5535
2AVVj8ezW2mJ0v8u7XydiF;Saving Abel;https://i.scdn.co/image/ab6761610000e5eb3fef514ee58f714dec70107e
61YE3whKiuRr83j1yOm5M7;Augustana;https://i.scdn.co/image/ab6761610000e5eb0994109fc1ee86216b0d6cc1
0Y5tJX1MQlPlqiwlOH1tJY;Travis Scott;https://i.scdn.co/image/ab6761610000e5eb19c2790744c792d05570bb71
0iEtIxbK0KxaSlF7G42ZOp;Metro Boomin;https://i.scdn.co/image/ab6761610000e5ebdf9a1555f53a20087b8c5a5c
1URnnhqYAYcrqrcwql10ft;21 Savage;https://i.scdn.co/image/ab6761610000e5eb4f8f76117470957c0e81e5b2
699OTQXzgjhIYAHMy9RyPD;Playboi Carti;https://i.scdn.co/image/ab6761610000e5eb73d4facbd619ae025b5588c7
1RyvyyTE3xzB2ZywiAwp0i;Future;https://i.scdn.co/image/ab6761610000e5eb6ef89e23678018c6d8630825
4Gso3d4CscCijv0lmajZWs;Don Toliver;https://i.scdn.co/image/ab6761610000e5eb99280563ab81232f397d5dce
4O15NlyKLIASxsJ0PrXPfz;Lil Uzi Vert;https://i.scdn.co/image/ab6761610000e5eb1234d2f516796badbdf16a89
13ubrt8QOOCPljQ2FL1Kca;A$AP Rocky;https://i.scdn.co/image/ab6761610000e5eb5c58c41a506a0d6b32cc6cad
50co4Is1HCEo8bhOyUWKpn;Young Thug;https://i.scdn.co/image/ab6761610000e5eb547d2b41c9f2c97318aad0ed
2hlmm7s2ICUX0LVIhVFlZQ;Gunna;https://i.scdn.co/image/ab6761610000e5ebda52d6cccb72d844a2000c30
4DdkRBBYG6Yk9Ka8tdJ9BW;Offset;https://i.scdn.co/image/ab6761610000e5eb628143c3dd14fc995f925d56
6icQOAFXDZKsumw3YXyusw;Lil Yachty;https://i.scdn.co/image/ab6761610000e5eb86c7c38d4c8c461dba55035c
5SXuuuRpukkTvsLuUknva1;Baby Keem;https://i.scdn.co/image/ab6761610000e5ebd6f2323c1971fd5a70cd0255
5K4W6rqBFWDnAN6FQUkS6x;Kanye West;https://i.scdn.co/image/ab6761610000e5eb6e835a500e791bf9c27a422a
4Ga1P7PMIsmqEZqhYZQgDo;Lil Tecca;https://i.scdn.co/image/ab6761610000e5eb813e1723a386e3f7a41b8096
3qiHUAX7zY4Qnjx8TNUzVx;Yeat;https://i.scdn.co/image/ab6761610000e5eb98958f3c9a841fcc34dd64aa
6Xgp2XMz1fhVYe7i6yNAax;Trippie Redd;https://i.scdn.co/image/ab6761610000e5ebf2db81b3312a1f167fc54096
2YZyLoL8N0Wb9xBt1NhZWg;Kendrick Lamar;https://i.scdn.co/image/ab6761610000e5eb437b9e2a82505b3d93ff1022
6oMuImdp5ZcFhWP0ESe6mG;Migos;https://i.scdn.co/image/ab6761610000e5ebf4593f7b778219838d858c34
5f7VJjfbwm532GiveGC0ZK;Lil Baby;https://i.scdn.co/image/ab6761610000e5eb6cad3eff5adc29e20f189a6c
0eDvMgVFoNV3TpwtrVCoTj;Pop Smoke;https://i.scdn.co/image/ab6761610000e5eb597f9edd2cd1a892d4412b09
7Lf3LOZp3U3u2f6cWMd3AH;Paul Weller;https://i.scdn.co/image/ab6761610000e5eb22ae3257ac436b21936622cf
4oa7ETNZH1ivfzFkCGVZlR;Milionário & José Rico;https://i.scdn.co/image/ab6761610000e5eb26c5c8d56a8979c644f37de7
7DyHP5H86MOuoReXuEzHYd;João Mineiro & Marciano;https://i.scdn.co/image/ab67616d0000b27361aa641e26887dfbbd476734
1UIlMGFBSIAFckml8NylWm;Chico Rey & Paraná;https://i.scdn.co/image/ab6761610000e5eb9e47bd6dd1ee600b9ee8c290
7oraQbXIkvzBmNLzjRVvCH;Teodoro & Sampaio;https://i.scdn.co/image/ab6761610000e5eb1aa0c125beaacd6d0c3e4902
41fjoh5NjJhlDHYIUb9Hsk;Trio Parada Dura;https://i.scdn.co/image/ab6761610000e5eb1cf4338612bd3c9e140b6d11
5he1UTofdFOcdbKqnLixko;Matogrosso & Mathias;https://i.scdn.co/image/ab6761610000e5eb562ea8efcc5360a9507f6752
7HUHsmvWREkN4l179tvpBe;Chrystian & Ralf;https://i.scdn.co/image/ab6761610000e5eb6a5b933f223f366c66ee59ed
2rGEXX2PXml6YnjkgOlWwT;Gino & Geno;https://i.scdn.co/image/ab67616d0000b2737cf082242eaf0c2d1f4ba3db
1j8ByviDrUqlkF1HwZVhZ5;Tonico e Tinoco;https://i.scdn.co/image/ab67616d0000b273ba4b1f2fc45d3ca0335c28fb
1e5A3rWcqk9WfLjeg5T3dI;Di Paullo & Paulino;https://i.scdn.co/image/ab6761610000e5eb6f181fa221e83adcd79c39ad
2PLF4pjm6A5eztTVbt9ou4;Tião Carreiro & Pardinho;https://i.scdn.co/image/ab6761610000e5eb8c1eadd352c7d5523f856d8b
1Nkrp1KOmusy0yZw24twC5;Gilberto e Gilmar;https://i.scdn.co/image/ab6761610000e5eb4b66b34562cecd9b3b96ab12
012whAEpADzsx3xHjT9nva;Barrerito;https://i.scdn.co/image/ab67616d0000b2739c7875c258866c8347bc2946
33NrinbbEctw1wsdKNgZeZ;Rionegro & Solimões;https://i.scdn.co/image/ab6761610000e5eb6d1d60dec40f9aeda0e56db8
4rOoJbjbSc9bNHPyHGdfbc;João Paulo & Daniel;https://i.scdn.co/image/ab67616d0000b2732dd66926b91f395688b1022d
794his67Os3txkJb7h5TzL;Tião Carreiro & Praiano;https://i.scdn.co/image/ab67616d0000b2730520db275489e683d912f400
7tt5q9c2cUFczKNK5pEbZb;Gian & Giovani;https://i.scdn.co/image/ab6761610000e5eb8d173d18669c0f99311ebeb1
0cSC1GvvgLumHovn2rgSHj;Sérgio Reis;https://i.scdn.co/image/ab6761610000e5eb17a98ebc3b24d5c037636258
6lrgtZI2qTutbZMppO9NJd;Alan e Aladim;https://i.scdn.co/image/ab6761610000e5eb0521f75c1e764c27faf305af
7gfkYbxpguEc9bm6m8TpAr;Chitãozinho & Xororó;https://i.scdn.co/image/ab6761610000e5eb4606c59411c57f7b49588be4
0ozdcqmICsOZDe7eJQVzrp;Rick & Renner;https://i.scdn.co/image/ab6761610000e5eb679809b3dd4f94f744ad4721
0qHOVLCmMmMgk9l3GsgmUB;Leandro & Leonardo;https://i.scdn.co/image/ab67616d0000b2736587dcf9d386227d272aecef
2wwWukJBsCikjlj7vlbQkM;Daniel;https://i.scdn.co/image/ab6761610000e5eb0e18aa81ac38d5a9274501c5
6zpNfYJcPavd1pqLXKiSvl;Edson & Hudson;https://i.scdn.co/image/ab6761610000e5eb4cee88e8312e262b2f2ae02e
6pRYBBHNsZYnZ8w2xjkAgP;Roberta Miranda;https://i.scdn.co/image/ab6761610000e5ebc3a1469a9f67c41313614ff8
2YWOP324cKGfkTo2PydgJR;Leonardo;https://i.scdn.co/image/ab6761610000e5ebe52a068e5f113faf35c70142
3RR2AbKX9jLY7cZ6U18kJu;Cleiton E Camargo;https://i.scdn.co/image/ab6761610000e5eb9643d5eee6ddc95064363ead
6UtAd1rrgAMSdH8uF8AvqL;Althaír & Alexandre;https://i.scdn.co/image/ab6761610000e5eb6d579538dec0d21b4fcf04c3
4dyYjqmYDjegbB3F2mbvcT;Zezé Di Camargo & Luciano;https://i.scdn.co/image/ab6761610000e5eb2e88e0db1890ba51e349c3fd
08yxJfM5RnFAjJvMJIFnvh;César Menotti & Fabiano;https://i.scdn.co/image/ab6761610000e5eba809ef6be655a35f76a01d33
1ynOuDiSh0edsV35bwiyDD;As Marcianas;https://i.scdn.co/image/ab67616d0000b27331076d436bc7cb67c4756cd2
3EMOVqtPqnQBmzBFiaZzuS;Duduca & Dalvan;https://i.scdn.co/image/ab6761610000e5eb7c39e4ed643c304de8803748
3lJjhnPxLYvynmO9pcV4x1;Léo Canhoto & Robertinho;https://i.scdn.co/image/ab67616d0000b273e49b5c762bbf4211f278eb10
7EjAGXVB5R3acl0tDLHIXl;"Pedro Bento, Zé Da Estrada E Celinho";https://i.scdn.co/image/ab67616d0000b273a9862d47b319bb26abc094b6
1kxKgvpi0kreF6oF9gTBkk;Liu & Léu;https://i.scdn.co/image/ab67616d0000b273574d04e323c6d57957169420
5voNQzKKIBqYGeHm4Abw3v;Pedro Bento & Zé Da Estrada;https://i.scdn.co/image/ab67616d0000b27393edbec165ff5ee3c33ec243
1Jln3OBAJtmL9kmyGvSZJJ;Felipe e Falcão;https://i.scdn.co/image/ab6761610000e5eb463586851e356bab60c61603
0gt6V7bceO18z61bgYQAOw;Peão Carreiro e Zé Paulo;https://i.scdn.co/image/ab67616d0000b273893a834c92fd781ca422bdf4
6absGnVp4fKn4s9FfSMti0;Abel E Caim;https://i.scdn.co/image/ab67616d0000b273e5d262828b0819ad720ead26
093BVFV0BfZFzkTx5bNdGE;Irmãs Galvão;https://i.scdn.co/image/ab67616d0000b2739d14c98658507df460e5cf32
3NZLmxq0r0EHQhat0VGbgk;Silveira e Silveirinha;https://i.scdn.co/image/ab67616d0000b2731e6dafd31f94d458b6cf8a51
2nyp615W8UwgHGdkrqmjwk;Tião Carreiro & Paraíso;https://i.scdn.co/image/ab67616d0000b273579ac6c213415fd938d8427d
0F4fujhay2miSIP2qS2ol3;Delley & Dorivan;https://i.scdn.co/image/ab67616d0000b273fd663daa2ef9a2ece4acd4e6
3Rf9Uwfr70eqblPsUjhaBp;Zico & Zeca;https://i.scdn.co/image/ab67616d0000b273dba78433ddf0076aa5d61ff9
1Iwil7NfxDP9N4nY7iihpj;Tibagi e Miltinho;https://i.scdn.co/image/ab67616d0000b2731ab621d4c97cae00d5d12ab3
7u56iM11sgD3XiqbDwYvJU;Sérgio Reis e Filhos;https://i.scdn.co/image/ab67616d0000b273b128eafbb5c161c51de5bac1
24mOhYNAetP2UdsczovVQO;Rolando Boldrin;https://i.scdn.co/image/ab6761610000e5eb8898f802c76ce83209edd453
2tjjOfLHWvoHuHu5h7niIT;Marco Brasil;https://i.scdn.co/image/ab67616d0000b2730d521646361ef6cf6e2d4c71
23W4lXztvDuKmwAsNynzM7;Pena Branca E Xavantinho;https://i.scdn.co/image/ab67616d0000b273c6fd46d53dc572378e8231ff
1AcEfwSjknCZZxlJhrT15B;Vieira & Vieirinha;https://i.scdn.co/image/ab67616d0000b273022623eac23316965236de04
6siLEQRDxdPtaGXNquu8dk;Jacó & Jacozinho;https://i.scdn.co/image/ab67616d0000b2735c6586c0d39314e590c1c80e
26W8hndlYFb2HuxuSkRZgm;Cacique & Pajé;https://i.scdn.co/image/ab67616d0000b27383feefb2a1883a86f55ba7fb
5AaEVloAlWme654trE4sQw;Zilo & Zalo;https://i.scdn.co/image/ab67616d0000b27312979cba2a6f54f0fbefb7f2
2u3hFRZfohi5Csh9OXzoYz;Lourenco & Lourival;https://i.scdn.co/image/ab6761610000e5eb790a1f4ea081603629ec8c8d
38HiPEuUacmAjx3cKEjEVu;Goiano & Paranaense;https://i.scdn.co/image/ab67616d0000b273ff8b2452c3179bce76c6730b
61ygREfQA3ENGYL9WqsLiX;Zé Carreiro E Carreirinho;https://i.scdn.co/image/ab67616d0000b273d665d137909e0ebd63350282
5QwmIiJh04qCv4pKrycaB5;Jacó E Jacozinho;https://i.scdn.co/image/ab67616d0000b273b4368e8d60130c40ee54303e
6G8NuW7rtFroRDKFSS2IWm;Mococa & Paraíso;https://i.scdn.co/image/ab6761610000e5eb243a26ee3d22f8ba00f4c296
0ICe5vwuONWq0QwRojNYSa;João Carreiro & Capataz;https://i.scdn.co/image/ab67616d0000b273d3e88ce93ac6d83e3c25b250
4CvTDPKA6W06DRfBnZKrau;Thom Yorke;https://i.scdn.co/image/ab6761610000e5eb3153f6fe26063cfcbfc57677
7bu3H8JO7d0UbMoVzbo70s;The Cure;https://i.scdn.co/image/7ca743e822b80133971ccf5c70fcbd77a4f4f508
6liAMWkVf5LH7YR9yfFy1Y;Portishead;https://i.scdn.co/image/05d3721739aee511a898081ab140daa7890a0120
40Yq4vzPs9VNUrIBG5Jr2i;The Smashing Pumpkins;https://i.scdn.co/image/ab6761610000e5ebbd85f631779e65b01349d747
72X6FHxaShda0XeQw3vbeF;Slowdive;https://i.scdn.co/image/ab6761610000e5eb653481f50df3c11791d6132a
3nnQpaTvKb5jCQabZefACI;Jeff Buckley;https://i.scdn.co/image/67779606c7f151618a28f62b1d24fb514d39dacf
6Ghvu1VvMGScGpOUJBAHNH;Deftones;https://i.scdn.co/image/ab6761610000e5eb4b2da0b72cab26ac518f1f0d
3G3Gdm0ZRAOxLrbyjfhii5;my bloody valentine;https://i.scdn.co/image/ab6761610000e5eb21c79e4e6e1af6af9b94d3a0
5UqTO8smerMvxHYA5xsXb6;Sonic Youth;https://i.scdn.co/image/af335c11a73e9311516bb28800be58311410d1be
7w29UYBi0qsHi5RTcv3lmA;Björk;https://i.scdn.co/image/ab6761610000e5ebaeb5c04fdd8ec6273850d207
1nJvji2KIlWSseXRSlNYsC;The Velvet Underground;https://i.scdn.co/image/d69c2cf10323bf08443c7d122f3a1824a760ab57
3jOstUTkEu2JkjvRdBA5Gu;Weezer;https://i.scdn.co/image/ab6761610000e5eb3cd35451daa1b690cfbbb2d4
2ApaG60P4r0yhBoDCGD8YG;Elliott Smith;https://i.scdn.co/image/ab6761610000e5eb079739b801ab3f105866b76f
59IPo3F7aZifhZtHnoGHbo;Heatmiser;https://i.scdn.co/image/ab6761610000e5eb30f797f58727460dae3fb039
2ooIqOf4X2uz4mMptXCtie;Neutral Milk Hotel;https://i.scdn.co/image/731f5f71de27c36300d2cf71a7f9cd7f389d0bf7
5c3GLXai8YOMid29ZEuR9y;Nick Drake;https://i.scdn.co/image/d364b498f85ae764cd278fbba9a8ed7f00c3e434
7Ht57YadlBXcFJDK3plmhO;The Microphones;https://i.scdn.co/image/866667893c025a6bc6ae4e6e9a79f57c54f65429
3inCNiUr4R6XQ3W43s9Aqi;Pavement;https://i.scdn.co/image/80c16daae85fd73f63aa9d64a30aa4029056bea3
5PbpKlxQE0Ktl5lcNABoFf;Car Seat Headrest;https://i.scdn.co/image/ab6761610000e5eb592a703f8e58df5e1176f6ff
5Wabl1lPdNOeIn0SQ5A1mp;Cocteau Twins;https://i.scdn.co/image/ab6761610000e5eb00f01cecce8a4475c3de0998
4aKWmkWAKviFlyvHYPTNQY;Adrianne Lenker;https://i.scdn.co/image/ab6761610000e5eb46e88446bcf8dce2537ef8ce
5QdyldG4Fl4TPiOIeMNpBZ;Big Thief;https://i.scdn.co/image/ab6761610000e5eb1ecc55cb453871a124d224ef
1jeYbk5eqo6wgsQPjLeU5w;Daniel Johnston;https://i.scdn.co/image/272c9499f167f4533185520484a64cabd28940ee
37w38cCSGgKLdayTRjna4W;Mazzy Star;https://i.scdn.co/image/d14e353d562d68036916c64a13912772cf7df91c
5o206eFLx38glA2bb4zqIU;Bright Eyes;https://i.scdn.co/image/ab6761610000e5eb02abd6ee4d0be5916d415f97
0FRKTwQSToXpCxYMhyUzYY;Have A Nice Life;https://i.scdn.co/image/ab67616d0000b273a54f2b401501b3569990c256
5hAhrnb0Ch4ODwWu4tsbpi;Yo La Tengo;https://i.scdn.co/image/ab6761610000e5ebad8a54844b1b0ac42f0dd71c
3g2kUQ6tHLLbmkV7T4GPtL;Fiona Apple;https://i.scdn.co/image/ab6761610000e5ebf178cbda9bd9a389581ff021
3kbBWco9PZ5eSQsNScwG6U;Built To Spill;https://i.scdn.co/image/ab6761610000e5eb975437d5a8604ae63aa4f310
066X20Nz7iquqkkCW6Jxy6;LCD Soundsystem;https://i.scdn.co/image/ab6761610000e5eb6a0838a408f8c9cf82915ac8
2cCUtGK9sDU2EoElnk0GNB;The National;https://i.scdn.co/image/ab6761610000e5eb6c7d7bba740ab74390d184b9
16eRpMNXSQ15wuJoeqguaB;The Flaming Lips;https://i.scdn.co/image/ab6761610000e5ebbaf865cbf7ef15f97d6ef1fe
7lOJ7WXyopaxri0dbOiZkd;Broken Social Scene;https://i.scdn.co/image/ab6761610000e5eb1f9e80256fb8109f202043ec
0K1q0nXQ8is36PzOKAMbNe;Spoon;https://i.scdn.co/image/ab6761610000e5eb0973020fd7390db68e5ebf1c
6dgwEwnK0YtDfS9XhRwBTG;Broken Bells;https://i.scdn.co/image/ab6761610000e5ebcafd2875af0609eed7b8422e
4EVpmkEwrLYEg6jIsiPMIb;Fleet Foxes;https://i.scdn.co/image/ab6761610000e5eb7d2e812e63d6df77ee087b47
6g0mn3tzAds6aVeUYRsryU;The War On Drugs;https://i.scdn.co/image/ab6761610000e5eb03ef469bbf290d048e6c521d
3vbKDsSS70ZX9D2OcvbZmS;Beck;https://i.scdn.co/image/ab6761610000e5eb917df61d55ce3ab98d43351a
1yAwtBaoHLEDWAnWR87hBT;Modest Mouse;https://i.scdn.co/image/ab6761610000e5eb39b413eb76d2ae87496d76b8
6A43Djmhbe9100UwnI7epV;CAKE;https://i.scdn.co/image/ab6761610000e5ebb8bf71301acec36f0256c0f8
1lZvg4fNAqHoj6I9N8naBM;The Presidents Of The United States Of America;https://i.scdn.co/image/ab6761610000e5eb5f58fb70bc91512a98ad530b
0EdvGhlC1FkGItLOWQzG4J;Sublime;https://i.scdn.co/image/ab6761610000e5ebe726280500259dbdb97a8be4
41Q0HrwWBtuUkJc7C1Rp6K;311;https://i.scdn.co/image/ab6761610000e5eb40d6cf99f1e4c6c8ad47411f
5xUf6j4upBrXZPg6AI4MRK;Soundgarden;https://i.scdn.co/image/ab6761610000e5ebafa254b2a224584485286526
2UazAtjfzqBF0Nho2awK4z;Stone Temple Pilots;https://i.scdn.co/image/ab6761610000e5eb4bb64f87db255d76538b905f
03r4iKL2g2442PT9n2UKsx;Beastie Boys;https://i.scdn.co/image/705bcd56dc5dbf9ebc578a3ba8094e6d622862c2
5SHQUMAmEK5KmuSb0aDvsn;Hole;https://i.scdn.co/image/3f070ac89152fcd23f90c1351295d8cc64d54cb2
3YcBF2ttyueytpXtEzn1Za;Incubus;https://i.scdn.co/image/ab6761610000e5ebefb25d9bd279b10bb362a476
0X380XXQSNBYuleKzav5UO;Nine Inch Nails;https://i.scdn.co/image/ab6761610000e5eb047095c90419cf2a97266f77
0IwlY33zbBXN7zlS9DP2Cj;Nico;https://i.scdn.co/image/677676052b80931c35666be501d1f0d5c97397c9
42TFhl7WlMRXiNqzSrnzPL;Lou Reed;https://i.scdn.co/image/2e1e9a6fe696b536a1f9e6a27fc1ed23d2c97099
4BFMTELQyWJU1SwqcXMBm3;The Stooges;https://i.scdn.co/image/1d9f0cf8e6d8d51f28369eccd78dca2882fb0d83
0S7Zur2g8YhqlzqtlYStli;Television;https://i.scdn.co/image/26da5a74d4273e0e9116ac7cbb4443def62fa3be
0vYkHhJ48Bs3jWcvZXvOrP;Patti Smith;https://i.scdn.co/image/20e52d0b168541016f901d9ec6d4f2a0e41f193b
33EUXrFKGjpUSGacqEHhU4;Iggy Pop;https://i.scdn.co/image/ab6761610000e5eb21e6d14c3d8aab9887380d00
6Lt3HS8R2v8Q4G7ZkUWa8R;Syd Barrett;https://i.scdn.co/image/f0cded2845369a436adb00b24c85d02b867d0f45
2x9SpqnPi8rlE9pjHBwmSC;Talking Heads;https://i.scdn.co/image/e4c5b04fce8706c87663357b1f78522a3a5c641b
1SQRv42e4PjEYfPhS0Tk9E;The Kinks;https://i.scdn.co/image/ab6761610000e5eb81f4e878e8b959fa68f15322
0WhGV9lzljq2QKJ8ipw6jx;New York Dolls;https://i.scdn.co/image/169d98992e555699585b68c5fdc8b88bb1ddda8b
3dBVyJ7JuOMt4GE9607Qin;T. Rex;https://i.scdn.co/image/ab6761610000e5eb442d3e951ecf7ec0c1f27fbb
12VaqyEhgwDRuFfEqbnrpz;PJ Harvey;https://i.scdn.co/image/ab6761610000e5ebb7b587363a285846586f6f74
2qFr8w5sWUITRlzZ9kZotF;Jefferson Airplane;https://i.scdn.co/image/ab6761610000e5eb0c739f8231961acda83a4bf8
5BYuBzqmTXwUDw2rYkwExr;The Kills;https://i.scdn.co/image/ab6761610000e5ebdc72312190b3742e1ff2783a
6h7Y3QR7IjzAD05Qw5QYO4;Paul Banks;https://i.scdn.co/image/ab6761610000e5ebeb18b6a15f58d59fa5f7d1e6
1G0Xwj8mza6b03iYkVdzDP;The Sugarcubes;https://i.scdn.co/image/1224d3af9be017b1436b59980be7ae167573c03c
4SQdUpG4f7UbkJG3cJ2Iyj;Arca;https://i.scdn.co/image/ab6761610000e5ebf10c9c6d4832c6f7d1d41f12
6FXMGgJwohJLUSr5nVlf9X;Massive Attack;https://i.scdn.co/image/c8bbeedb05f38ae5cb982a7daf4bf7129cca892c
6kBDZFXuLrZgHnvmPu9NsG;Aphex Twin;https://i.scdn.co/image/ab6761610000e5ebadb24a1aca9893ac8afce138
5BKsn7SCN2XmbF7apdCpRS;Goldfrapp;https://i.scdn.co/image/ab6761610000e5eb242b3af6c6d4d944ff8739a2
6hhA8TKRNryM8FNzqCqdDO;Tricky;https://i.scdn.co/image/ab6761610000e5eb4d984aa9a0e818883be927fa
1P6U1dCeHxPui5pIrGmndZ;Air;https://i.scdn.co/image/ab6761610000e5ebb3f06b20f1391c3d1b2c14e7
6nB0iY1cjSY1KyhYyuIIKH;FKA twigs;https://i.scdn.co/image/ab6761610000e5eb092b58b0c0743cdeb3044a95
5a2w2tgpLwv26BYJf2qYwu;SOPHIE;https://i.scdn.co/image/ab6761610000e5eb0a5f93747d4d50f1ea5ab6f0
7eQZTqEMozBcuSubfu52i4;The Knife;https://i.scdn.co/image/ab6761610000e5ebac528fa9a19961733193cbf7
1n65zfwYIj5kKEtNgxUlWb;Siouxsie and the Banshees;https://i.scdn.co/image/ab6761610000e5eb924bb9e7396ad3bc32cfeab0
267VY6GX5LyU5c9M85ECZQ;Dinosaur Jr.;https://i.scdn.co/image/ab6761610000e5eb37625f8264394b10ec0eeed6
1xgFexIwrf2QjbU0buCNnp;The Breeders;https://i.scdn.co/image/ab6761610000e5ebc87498a722235a5c029a0aa5
62sC6lUEWRjbFqXpMmOk4G;Fugazi;https://i.scdn.co/image/0234b34b265a6ec22de6b4ebb52abc4d6c9d7371
1J4ACYB6yMqd79q3rjskqs;Thurston Moore;https://i.scdn.co/image/ab6761610000e5eb68ffee6c10b0fddd9c02081e
7LuYiSXiWs86rwWJjEEgB9;Mudhoney;https://i.scdn.co/image/ab6761610000e5eb66dda48b167de387ba3299ba
4IwOItqRhsIoRuD5HP4vyC;Slint;https://i.scdn.co/image/ab6761610000e5ebc3105c7919e51ae6d1e6dfff
16bN8mhtDFdegWbg0z3s10;Hüsker Dü;https://i.scdn.co/image/f09c18858ffc997a5c8bc371ab0bd9fbdee6996c
3ysp8GwsheDcBxP9q65lBg;Lush;https://i.scdn.co/image/56b2a6a3f335cd4ac52aaf140940acd19d624355
5N5tQ9Dx1h8Od7aRmGj7Fi;Bauhaus;https://i.scdn.co/image/9676688ae196b8abf4ed89ce6620a7ad04027095
2i8ynmFv4qgRksyDlBgi6d;Wire;https://i.scdn.co/image/ab6761610000e5eb00807c5b63087591ca240643
2feOOr1Yjovo67byuxvjZv;LSD and the Search for God;https://i.scdn.co/image/ab6761610000e5eba2249caf2aedd80dd28b8875
0WPY9nnBy01s5QOt4o4oQX;Ride;https://i.scdn.co/image/ab6761610000e5eb958d509c00ca0257c95071e1
1s5mUpjVtK0XAScRqlErSE;Drop Nineteens;https://i.scdn.co/image/ab6761610000e5eb03d4ebe16e781d87e6e7ca0b
1tnjjbgszXYa8BbyTzwM0w;Whirr;https://i.scdn.co/image/ab6761610000e5eb4bcfe0aca60e32247827e191
0WY2ddzQUF9eh16GiqrElA;Pale Saints;https://i.scdn.co/image/af13ff777d7162af76969e40da07e847240ee10c
4KEHIUSoWCcqrk8AddTE1O;Panchiko;https://i.scdn.co/image/ab6761610000e5eb0104812b982485b2fa8b4ea5
5NtMqQLCzdVvL7F8vFp3zM;Sweet Trip;https://i.scdn.co/image/ab6761610000e5eb1c6ef535b34a0cfa5c5b3b65
3r94PF71LWRI5K6wqclNjQ;Chapterhouse;https://i.scdn.co/image/e00fcc7f12f99031c4ea6c4970d5116928c9d195
4jSYHcSo85heWskYvAULio;Mojave 3;https://i.scdn.co/image/9dfc9f36dcfc526ce1d6f62c18f22f4999c93606
3VNzWLePg9jTvQ2ximYOzW;julie;https://i.scdn.co/image/ab6761610000e5ebdf6f45705db6110633b0c2c7
6guTJsgPymDUVfqDJyz5UG;Galaxie 500;https://i.scdn.co/image/ab6761610000e5ebefd9a324798d368dde6ec5ef
5AyEXCtu3xnnsTGCo4RVZh;Duster;https://i.scdn.co/image/ab6761610000e5ebcd67bffd1bac79ac28e77d79
4DFhHyjvGYa9wxdHUjtDkc;A Perfect Circle;https://i.scdn.co/image/ab6761610000e5eb41472573351dfea479a4ffba
3RNrq3jvMZxD9ZyoOZbQOD;Korn;https://i.scdn.co/image/ab6761610000e5eb29af2ffb6f4ddd6324f878bc
0blJzvevdXrp21YeI2vbco;Type O Negative;https://i.scdn.co/image/ab6761610000e5eb843df562d1bad7f5163fd164
6CwDvApcRshxhEVMP30Sq7;Team Sleep;https://i.scdn.co/image/ab67616d0000b2734b2a07c3a9b8230f687ca5ba
3gPZCcrc8KG2RuVl3rtbQ2;✝✝✝ (Crosses);https://i.scdn.co/image/ab6761610000e5ebec6291f8a6cee657dab63610
0ImEDe9tW5n4pxHOK39zIc;Kittie;https://i.scdn.co/image/ab6761610000e5eb5769190c19c43b699f1baa36
4G9wSdX0klmoHfjm9i6DLd;Loathe;https://i.scdn.co/image/ab6761610000e5eb2fa847a71b26afde5da321db
6lcwlkAjBPSKnFBZjjZFJs;Alex G;https://i.scdn.co/image/ab6761610000e5eb36923516613d3cbef9dd3952
2yEwvVSSSUkcLeSTNyHKh8;TOOL;https://i.scdn.co/image/ab6761610000e5eb13f5472b709101616c87cba3
64tNsm6TnZe2zpcMVMOoHL;Alice In Chains;https://i.scdn.co/image/ab6761610000e5eb6114a63659d0d5c0a801f733
5jTtGLk1mGFMY5lQOvJYUj;bôa;https://i.scdn.co/image/ab6761610000e5ebd699423e4d35ff7a7fb66b7d
05fG473iIaoy82BF1aGhL8;Slipknot;https://i.scdn.co/image/ab6761610000e5ebff9f4de8c13f6f563acbfaf1
4iJLPqClelZOBCBifm8Fzv;Pierce The Veil;https://i.scdn.co/image/ab6761610000e5eb4aac0b9741ad24457ebfee48
1IHjrY7ygKbmLVoUV1VcXc;Superheaven;https://i.scdn.co/image/ab6761610000e5eb31efbfb0179b92276d3f9fc5
6zHRqvws8dVeqL8D31ponr;Tim Buckley;https://i.scdn.co/image/d1058a1dd29c50ab5814dab42ad2137eb25ee8d6
4nlqDmbzFzbNITaqjJv7D7;The Sundays;https://i.scdn.co/image/d11ee55598e458475cf9b34ce3bc7ffde96aceb4
4UXJsSlnKd7ltsrHebV79Q;Nick Cave & The Bad Seeds;https://i.scdn.co/image/ab6761610000e5ebadb5e59949a4273aaa168696
2dXj6aC3DsxoTDyhk3u4gl;Glare;https://i.scdn.co/image/ab6761610000e5eba807c0c9c9d9e4680207add9
78SHxLdtysAXgywQ4vE0Oa;Bush;https://i.scdn.co/image/ab6761610000e5ebd209395dc5321f4b5163aed4
02NfyD6AlLA12crYzw5YcR;Jane's Addiction;https://i.scdn.co/image/ab6761610000e5eb6181668c9b31f2505039ba33
5sD1ZLf2dGQ9gQ3YJl1eAd;Blind Melon;https://i.scdn.co/image/ab6761610000e5ebdcc3fe6af94c5c178a36d006
0iHb0mCbqZTYeb4y9Pirrd;Temple Of The Dog;https://i.scdn.co/image/ab6761610000e5ebf47df3543858204550cc19d3
4iudEcmuPlYNdbP3e1bdn1;Silverchair;https://i.scdn.co/image/b362d7cd057ae8affb562483a0c1780172fba9f2
2d0hyoQ5ynDBnkvAbJKORj;Rage Against The Machine;https://i.scdn.co/image/ab6761610000e5ebda4bd2b213cae330e2a4a901
6GbCJZrI318Ybm8mY36Of5;Faith No More;https://i.scdn.co/image/765ad08f23f828d1a850c47ac417d7be260af932
2ziB7fzrXBoh1HUPS6sVFn;Audioslave;https://i.scdn.co/image/ab6761610000e5eb5a865295befda9e060a72cb0
1w5Kfo2jwwIPruYS2UWh56;Pearl Jam;https://i.scdn.co/image/ab6761610000e5ebe431fb8ba17cdee73e4ce08a
0yNLKJebCb8Aueb54LYya3;New Order;https://i.scdn.co/image/ab6761610000e5eba080a8e96758f416301578f9
0fgYKF9Avljex0L9Wt5b8Z;Echo & the Bunnymen;https://i.scdn.co/image/397489fba8899aa52cadb0f62662603f96065446
3iTsJGG39nMg9YiolUgLMQ;Morrissey;https://i.scdn.co/image/cdbc12a6b10dbab32ed73d4979183e95f46ebeb2
0O0lrN34wrcuBenkqlEDZe;The Psychedelic Furs;https://i.scdn.co/image/ab6761610000e5ebf7b8a47f7dec7e1745f6d640
0Zy4ncr8h1jd7Nzr9946fD;Killing Joke;https://i.scdn.co/image/ab6761610000e5ebb27c2f14d0deaac56f64c1f4
70MMkLXtue3Edj3RJhJkYp;Public Image Ltd.;https://i.scdn.co/image/ab6761610000e5ebdabe5a821d99da89337b0ec0
3RGLhK1IP9jnYFH4BRFJBS;The Clash;https://i.scdn.co/image/ab470b275daa38351810a1eb91d107ebdb821302
6bWxFw65IEJzBYjx3SxUXd;Morcheeba;https://i.scdn.co/image/ab6761610000e5eb36946a718b9ab08ca42b43f6
1EJWNhiYbOyeUHbsS7Kp1P;Sneaker Pimps;https://i.scdn.co/image/ab6761610000e5ebd62076e2fcf2bcd6243edb27
08YvZ2qzFrDSITfHLbPKMP;Lamb;https://i.scdn.co/image/ab6761610000e5eb7212f5c9b495683f5a12dd20
2nszamLjZFgu3Yx77mKxuC;UNKLE;https://i.scdn.co/image/ab6761610000e5ebac89f1cb4f6881854f55f761
6Lt6KFXX3P0v6vfrynQAMo;Beth Gibbons;https://i.scdn.co/image/ab6761610000e5eb2f171f9487d8597df9e3cfda
4aaBjq7VqqQvpSF69GglvO;Moloko;https://i.scdn.co/image/da34856608ab863451a8492546cf589b8267493c
5EP020iZcwBqHRnJftibXX;Hooverphonic;https://i.scdn.co/image/ab6761610000e5eb1f66a237db39260155162f93
5CE2IfdYZEQGIDsfiRm8SI;DJ Shadow;https://i.scdn.co/image/ab6761610000e5eb003c675c72da2c9ad13ed2f7
14H7ag1wpQOsPPQJOD6Dqr;Zero 7;https://i.scdn.co/image/ab6761610000e5eb85c10aefe83110535eea474c
25KNo5GDS6ZpLkjasaecA3;Thievery Corporation;https://i.scdn.co/image/ab6761610000e5eb3d9378b0995517ff9f4f2354
1GhPHrq36VKCY3ucVaZCfo;The Chemical Brothers;https://i.scdn.co/image/ab6761610000e5ebae05213e52565bfd7e7489b3
762310PdDnwsDxAQxzQkfX;Depeche Mode;https://i.scdn.co/image/ab6761610000e5ebaff13c9484fdad590ccfb73c
4HxBVyHaUa60eCSsJWxwWR;Sisters of Mercy;https://i.scdn.co/image/ab6772690000c46c03b289e65e04e99ca9c1e6ed
3Sz7ZnJQBIHsXLUSo0OQtM;Mac DeMarco;https://i.scdn.co/image/ab6761610000e5eb3cef7752073cbbd2cc04c6f0
0m5FakHKCQdA7UN0PIzMcL;Current Joys;https://i.scdn.co/image/ab6761610000e5eb268ad6ebc1d6008fe6d89d74
0O98jlCaPzvsoei6U5jfEL;Damon Albarn;https://i.scdn.co/image/ab6761610000e5eb6f9abbd1438714c5105e2a57
0rpMdBzQXf7aYRnu5fDBJy;Violent Femmes;https://i.scdn.co/image/ab6761610000e5ebb3c3b161756ef6f9c9afef38
7tA9Eeeb68kkiG9Nrvuzmi;Atoms For Peace;https://i.scdn.co/image/9b1ffc6a92b4c3e384b28e636acd6019de3854ca
0z9s3P5vCzKcUBSxgBDyLU;Jonny Greenwood;https://i.scdn.co/image/ab6761610000e5ebacbb7bcb7ea82f111bb72b8b
6styCzc1Ej4NxISL0LiigM;The Smile;https://i.scdn.co/image/ab6761610000e5eb5843196429108a4112f73c10
4CX6yOoTFQeiwL5yxuFuIG;EOB;https://i.scdn.co/image/ab6761610000e5eb4ce1ada8cd62de94baa3a28d
2VAvhf61GgLYmC6C8anyX1;Boards of Canada;https://i.scdn.co/image/c533bf6f08a42119065d8c2171cdfa8e96720b4c
7Eu1txygG6nJttLHbZdQOh;Four Tet;https://i.scdn.co/image/ab6761610000e5eb21c0ea7fc21ab3038d111ec2
0uCCBpmg6MrPb1KY2msceF;Burial;https://i.scdn.co/image/ab6761610000e5eb4be7334b7aed9ca32a732aeb
2A59wav3PGiJij2rK7HQYH;Philip Selway;https://i.scdn.co/image/ab6761610000e5eb25909e9b5cbf668f8be115cb
40Ojab0UtVQFjA76qXr8Ot;Apparat;https://i.scdn.co/image/ab6761610000e5eb3b4ed59299bd6a59005660a7
6UUrUCIZtQeOf8tC0WuzRy;Sigur Rós;https://i.scdn.co/image/ab6761610000e5eb6e9247ebb1bd90c23fb776fc
4aEnNH9PuU1HF3TsZTru54;Caribou;https://i.scdn.co/image/ab6761610000e5ebf9da16d673af005d53bab9cc
1o7zIbVAgDDHKijLVuLASg;Longpigs;https://i.scdn.co/image/ef43956ee281ec55f7d5fad7cfb80901b603185a
7rqRuB0wgUaStDN73PlV4U;Mansun;https://i.scdn.co/image/86b75011377efdc4116ffc59f92d259f0c0aa7a9
6bEiU0j4lC3yh2D1kHzFpb;Echobelly;https://i.scdn.co/image/ab6761610000e5eb973cdd1030b35fef0d29b5eb
5OTjkVz0Cc9IuaQC3U1Pqq;The Mock Turtles;https://i.scdn.co/image/ab67616d0000b27310d91fae4e9d2b0a2d758060
0BV7lpkyFTbzzML7DuUnpZ;McAlmont & Butler;https://i.scdn.co/image/3ba9d2a738134a1fabc66787d1841535ae77310c
414ztMLgMt8KAC6Ap5IZtN;Menswear;https://i.scdn.co/image/ab6761610000e5ebb0fc3b3357834800600942f1
5BEYGWk6aPdNXxBx9pwU8S;The Soup Dragons;https://i.scdn.co/image/ab6761610000e5eb997e1abb7fb7b0debffd371d
2P560DaOMNDUACoH8ZhOCR;The Jam;https://i.scdn.co/image/ee4cebe3c187f4f18502fd99b69e316c1caa2254
2gv2g5svhtzsUQhtNZW7Xr;Northside;https://i.scdn.co/image/b4ca9cd9a36c96fe16ec780f63adff8abce1aa82
5Rsu72e1qrjIUtxH6Zmy9K;Gene;https://i.scdn.co/image/ab6761610000e5ebbc5192cd3853d961cc9f0e62
3loflELg7MzgrOyNqERolN;The Style Council;https://i.scdn.co/image/c05ebc15af06d7750c149d43b7490db7c1d1b3fc
77D38RDgCtlYNLpayStftL;The Housemartins;https://i.scdn.co/image/bb164b73bcad092c2362fb6dcb1b41e25a61b991
2WRStKp4ihGVUzlzWfv1Qt;The Undertones;https://i.scdn.co/image/57baca04c112a6c9b316af3ee422057e227ad2c8
2CKOmarVWvWqkNWUatHCex;Ana Castela;https://i.scdn.co/image/ab6761610000e5eb26abde7ba3cfdfb8c1900baf
5kVgcCdPbeUwxBqWxi2Ktl;Luan Pereira;https://i.scdn.co/image/ab6761610000e5ebd4b0fbf97b9756052c67618a
0uGWkZRPp1Urk77XBrPBsZ;AgroPlay;https://i.scdn.co/image/ab6761610000e5eb4f34f6ba473f8285857631b3
2eK9gcJQ6uqVvJL63dnOM3;Simone Mendes;https://i.scdn.co/image/ab6761610000e5eb0aeab894a183255edfc84057
6m6e7D2TnV0aYMllFFwMxu;Guilherme & Benuto;https://i.scdn.co/image/ab6761610000e5ebcbcbe9eba2edf2274ebfc430
7gXnv2nAoF9X0XJQ3AMp7d;US Agroboy;https://i.scdn.co/image/ab6761610000e5eb7f57cd0513a994175bf3a797
0vdcZzmneH0nK9CYFHQBjk;Dj Chris No Beat;https://i.scdn.co/image/ab6761610000e5ebdf9f03c285f6fb574b1957dd
1LIuN7ov1IBQDdLsU83ojl;Hugo & Guilherme;https://i.scdn.co/image/ab6761610000e5eb8f536fda8a3d7f84e4271d9a
3hq7WoPJsrRP0KMSLhUgRz;Murilo Huff;https://i.scdn.co/image/ab6761610000e5eb806554b27972bd41a500cace
41QLxRXlc2NwfJZkHGHKid;Israel & Rodolffo;https://i.scdn.co/image/ab6761610000e5ebcdb5e1d91ff40143ca36450e
10fWVVVG2zx5VMJPL4N8wC;Fazendinha Sessions;https://i.scdn.co/image/ab6761610000e5eb6717a71c2a3c093d73332d3d
68cvVh3HBHdwWfccCTaq0T;Léo & Raphael;https://i.scdn.co/image/ab6761610000e5eb1d6d078f98b71bd8828a8a15
1X6ORK7IekgmyjV6IFPszP;Gustavo Mioto;https://i.scdn.co/image/ab6761610000e5eb71bc7bb1c3de3f69cbc55759
6TYimByryGphZCtwYopH0y;Lauana Prado;https://i.scdn.co/image/ab6761610000e5eb522d89bd1a5c2a472982b86e
1uhE4e8omc2wKqIK88bqH4;Antony & Gabriel;https://i.scdn.co/image/ab6761610000e5eb2d8de7e965f34dcf980c3755
0BHm7qbh3ENxvXzkQAG7MP;Mari Fernandez;https://i.scdn.co/image/ab6761610000e5eba51c78223023fb9f3b7b69c6
7cmuxPnXRJxwuYDHfbD8Eu;Zé Felipe;https://i.scdn.co/image/ab6761610000e5eb58dc5f1b1e8e0095598eeca0
3qvcCP2J0fWi0m0uQDUf6r;Luan Santana;https://i.scdn.co/image/ab6761610000e5ebc0511c8be97d924f695f595c
487N2T9nIPEHrlTZLL3SQs;Zé Neto & Cristiano;https://i.scdn.co/image/ab6761610000e5eb1bb9201db3ff149830f0139a
3p7PcrEHaaKLJnPUGOtRlT;Henrique & Juliano;https://i.scdn.co/image/ab6761610000e5ebb713c619cc12ca1866136419
2Z0lRIqr997lIUiPtrpKCr;Matheus & Kauan;https://i.scdn.co/image/ab6761610000e5ebff2a2232c16593087e851ff4
1VaY3AT6TiOIT7MQGvKMkQ;John Squire;https://i.scdn.co/image/ab6761610000e5ebed63f32cf2d51cedcf28f354
