source,target
2DaxqgrOhkeH0fpeiQq2f4,6sN51vEARnAAdBw1IKZ8Q9
2DaxqgrOhkeH0fpeiQq2f4,2cGwlqi3k18jFpUyTrsR84
2DaxqgrOhkeH0fpeiQq2f4,7MhMgCo0Bl0Kukl93PZbYS
2DaxqgrOhkeH0fpeiQq2f4,7sjttK1WcZeyLPn3IsQ62L
2DaxqgrOhkeH0fpeiQq2f4,1lYT0A0LV5DUfxr6doRP3d
2DaxqgrOhkeH0fpeiQq2f4,21UJ7PRWb3Etgsu99f8yo8
2DaxqgrOhkeH0fpeiQq2f4,11wRdbnoYqRddKBrpHt4Ue
2DaxqgrOhkeH0fpeiQq2f4,6IRQd80VHepXiTXdmBzk6l
2DaxqgrOhkeH0fpeiQq2f4,3bUwxJgNakzYKkqAVgZLlh
2DaxqgrOhkeH0fpeiQq2f4,0C0XlULifJtAgn6ZNCW2eu
2DaxqgrOhkeH0fpeiQq2f4,0LbLWjaweRbO4FDKYlbfNt
2DaxqgrOhkeH0fpeiQq2f4,36E7oYfz3LLRto6l2WmDcD
2DaxqgrOhkeH0fpeiQq2f4,53A0W3U0s8diEn9RhXQhVz
2DaxqgrOhkeH0fpeiQq2f4,0XNa1vTidXlvJ2gHSsRi4A
2DaxqgrOhkeH0fpeiQq2f4,4Z8W4fKeB5YxbusRsdQVPb
2DaxqgrOhkeH0fpeiQq2f4,4KWTAlx2RvbpseOGMEmROg
2DaxqgrOhkeH0fpeiQq2f4,3rIZMv9rysU7JkLzEaC5Jp
2DaxqgrOhkeH0fpeiQq2f4,0epOFNiUfyON9EYx7Tpr6V
2DaxqgrOhkeH0fpeiQq2f4,1GLtl8uqKmnyCWxHmw9tL4
2DaxqgrOhkeH0fpeiQq2f4,4fSPtBgFPZzygkY6MehwQ7
6sN51vEARnAAdBw1IKZ8Q9,11wRdbnoYqRddKBrpHt4Ue
6sN51vEARnAAdBw1IKZ8Q9,2cGwlqi3k18jFpUyTrsR84
6sN51vEARnAAdBw1IKZ8Q9,21UJ7PRWb3Etgsu99f8yo8
6sN51vEARnAAdBw1IKZ8Q9,7MhMgCo0Bl0Kukl93PZbYS
6sN51vEARnAAdBw1IKZ8Q9,7sjttK1WcZeyLPn3IsQ62L
6sN51vEARnAAdBw1IKZ8Q9,1lYT0A0LV5DUfxr6doRP3d
6sN51vEARnAAdBw1IKZ8Q9,1HGTHrRQkw0BtevSo1jucU
6sN51vEARnAAdBw1IKZ8Q9,6IRQd80VHepXiTXdmBzk6l
6sN51vEARnAAdBw1IKZ8Q9,5yBDILLJyNFAjFpECkk7ys
6sN51vEARnAAdBw1IKZ8Q9,3s398TKZNahAURRacx7oIT
6sN51vEARnAAdBw1IKZ8Q9,1VaY3AT6TiOIT7MQGvKMkQ
6sN51vEARnAAdBw1IKZ8Q9,1NfJU4hy56Z4UM4iyIa1B2
6sN51vEARnAAdBw1IKZ8Q9,5fScAXreYFnuqwOgBsJgSd
6sN51vEARnAAdBw1IKZ8Q9,5vIOGcdmx1eIkq3ZtuS12U
6sN51vEARnAAdBw1IKZ8Q9,339DNkQkuhHKEcHw6oK8f0
6sN51vEARnAAdBw1IKZ8Q9,0vBDEQ1aLZpe4zgn2fPH6Z
6sN51vEARnAAdBw1IKZ8Q9,3iejrAcqxYoVgyxp6zkWgs
6sN51vEARnAAdBw1IKZ8Q9,3mbVe260Kgvs1P8YFcCyY7
6sN51vEARnAAdBw1IKZ8Q9,4fSPtBgFPZzygkY6MehwQ7
6sN51vEARnAAdBw1IKZ8Q9,7Lf3LOZp3U3u2f6cWMd3AH
2cGwlqi3k18jFpUyTrsR84,3rIZMv9rysU7JkLzEaC5Jp
2cGwlqi3k18jFpUyTrsR84,0C0XlULifJtAgn6ZNCW2eu
2cGwlqi3k18jFpUyTrsR84,2qk9voo8llSGYcZ6xrBzKx
2cGwlqi3k18jFpUyTrsR84,1HGTHrRQkw0BtevSo1jucU
2cGwlqi3k18jFpUyTrsR84,3bUwxJgNakzYKkqAVgZLlh
2cGwlqi3k18jFpUyTrsR84,2uH0RyPcX7fnCcT90HFDQX
2cGwlqi3k18jFpUyTrsR84,0sHeX8oQ6o7xic3wMf4NBU
2cGwlqi3k18jFpUyTrsR84,7MhMgCo0Bl0Kukl93PZbYS
2cGwlqi3k18jFpUyTrsR84,5fScAXreYFnuqwOgBsJgSd
2cGwlqi3k18jFpUyTrsR84,3s398TKZNahAURRacx7oIT
2cGwlqi3k18jFpUyTrsR84,5vIOGcdmx1eIkq3ZtuS12U
2cGwlqi3k18jFpUyTrsR84,21UJ7PRWb3Etgsu99f8yo8
2cGwlqi3k18jFpUyTrsR84,36E7oYfz3LLRto6l2WmDcD
2cGwlqi3k18jFpUyTrsR84,1lYT0A0LV5DUfxr6doRP3d
2cGwlqi3k18jFpUyTrsR84,339DNkQkuhHKEcHw6oK8f0
2cGwlqi3k18jFpUyTrsR84,3wury2nd8idV4GecUg5xze
2cGwlqi3k18jFpUyTrsR84,6IRQd80VHepXiTXdmBzk6l
2cGwlqi3k18jFpUyTrsR84,7sjttK1WcZeyLPn3IsQ62L
2cGwlqi3k18jFpUyTrsR84,6PHIK3kjWggLtVygsOtpqS
2cGwlqi3k18jFpUyTrsR84,0qLNsNKm8bQcMoRFkR8Hmh
2cGwlqi3k18jFpUyTrsR84,11wRdbnoYqRddKBrpHt4Ue
2cGwlqi3k18jFpUyTrsR84,0LbLWjaweRbO4FDKYlbfNt
2cGwlqi3k18jFpUyTrsR84,53A0W3U0s8diEn9RhXQhVz
7MhMgCo0Bl0Kukl93PZbYS,36E7oYfz3LLRto6l2WmDcD
7MhMgCo0Bl0Kukl93PZbYS,1ctkBmvz80MGyi72Ix055S
7MhMgCo0Bl0Kukl93PZbYS,0epOFNiUfyON9EYx7Tpr6V
7MhMgCo0Bl0Kukl93PZbYS,0XNa1vTidXlvJ2gHSsRi4A
7MhMgCo0Bl0Kukl93PZbYS,0C0XlULifJtAgn6ZNCW2eu
7MhMgCo0Bl0Kukl93PZbYS,53A0W3U0s8diEn9RhXQhVz
7MhMgCo0Bl0Kukl93PZbYS,4Z8W4fKeB5YxbusRsdQVPb
7MhMgCo0Bl0Kukl93PZbYS,3jOstUTkEu2JkjvRdBA5Gu
7MhMgCo0Bl0Kukl93PZbYS,7bu3H8JO7d0UbMoVzbo70s
7MhMgCo0Bl0Kukl93PZbYS,3yY2gUcIsjMr8hjo51PoJ8
7MhMgCo0Bl0Kukl93PZbYS,0sHeX8oQ6o7xic3wMf4NBU
7MhMgCo0Bl0Kukl93PZbYS,1lYT0A0LV5DUfxr6doRP3d
7MhMgCo0Bl0Kukl93PZbYS,6PHIK3kjWggLtVygsOtpqS
7MhMgCo0Bl0Kukl93PZbYS,0O98jlCaPzvsoei6U5jfEL
7MhMgCo0Bl0Kukl93PZbYS,2uH0RyPcX7fnCcT90HFDQX
7MhMgCo0Bl0Kukl93PZbYS,3wury2nd8idV4GecUg5xze
7MhMgCo0Bl0Kukl93PZbYS,6zvul52xwTWzilBZl6BUbT
7MhMgCo0Bl0Kukl93PZbYS,4fSPtBgFPZzygkY6MehwQ7
7MhMgCo0Bl0Kukl93PZbYS,432R46LaYsJZV2Gmc4jUV5
7MhMgCo0Bl0Kukl93PZbYS,11wRdbnoYqRddKBrpHt4Ue
7MhMgCo0Bl0Kukl93PZbYS,5UqTO8smerMvxHYA5xsXb6
7MhMgCo0Bl0Kukl93PZbYS,5fScAXreYFnuqwOgBsJgSd
7MhMgCo0Bl0Kukl93PZbYS,0LbLWjaweRbO4FDKYlbfNt
7MhMgCo0Bl0Kukl93PZbYS,3bUwxJgNakzYKkqAVgZLlh
7MhMgCo0Bl0Kukl93PZbYS,339DNkQkuhHKEcHw6oK8f0
7MhMgCo0Bl0Kukl93PZbYS,0yNLKJebCb8Aueb54LYya3
7sjttK1WcZeyLPn3IsQ62L,11wRdbnoYqRddKBrpHt4Ue
7sjttK1WcZeyLPn3IsQ62L,3M0H4efyA5YcijrKlaKbYn
7sjttK1WcZeyLPn3IsQ62L,21UJ7PRWb3Etgsu99f8yo8
7sjttK1WcZeyLPn3IsQ62L,6IRQd80VHepXiTXdmBzk6l
7sjttK1WcZeyLPn3IsQ62L,5yBDILLJyNFAjFpECkk7ys
7sjttK1WcZeyLPn3IsQ62L,1HGTHrRQkw0BtevSo1jucU
7sjttK1WcZeyLPn3IsQ62L,3s398TKZNahAURRacx7oIT
7sjttK1WcZeyLPn3IsQ62L,1NfJU4hy56Z4UM4iyIa1B2
7sjttK1WcZeyLPn3IsQ62L,5fScAXreYFnuqwOgBsJgSd
7sjttK1WcZeyLPn3IsQ62L,1lYT0A0LV5DUfxr6doRP3d
7sjttK1WcZeyLPn3IsQ62L,5vIOGcdmx1eIkq3ZtuS12U
7sjttK1WcZeyLPn3IsQ62L,0vBDEQ1aLZpe4zgn2fPH6Z
7sjttK1WcZeyLPn3IsQ62L,7Lf3LOZp3U3u2f6cWMd3AH
7sjttK1WcZeyLPn3IsQ62L,3iejrAcqxYoVgyxp6zkWgs
7sjttK1WcZeyLPn3IsQ62L,339DNkQkuhHKEcHw6oK8f0
7sjttK1WcZeyLPn3IsQ62L,6OiHleP2bHM18dXq4aZQWt
7sjttK1WcZeyLPn3IsQ62L,01ZP85CNi7Y9t1e0one46k
7sjttK1WcZeyLPn3IsQ62L,4fSPtBgFPZzygkY6MehwQ7
7sjttK1WcZeyLPn3IsQ62L,3mbVe260Kgvs1P8YFcCyY7
1lYT0A0LV5DUfxr6doRP3d,36E7oYfz3LLRto6l2WmDcD
1lYT0A0LV5DUfxr6doRP3d,11wRdbnoYqRddKBrpHt4Ue
1lYT0A0LV5DUfxr6doRP3d,21UJ7PRWb3Etgsu99f8yo8
1lYT0A0LV5DUfxr6doRP3d,339DNkQkuhHKEcHw6oK8f0
1lYT0A0LV5DUfxr6doRP3d,5fScAXreYFnuqwOgBsJgSd
1lYT0A0LV5DUfxr6doRP3d,3s398TKZNahAURRacx7oIT
1lYT0A0LV5DUfxr6doRP3d,3wury2nd8idV4GecUg5xze
1lYT0A0LV5DUfxr6doRP3d,66GWpx9iLxrvvfhDsG9STP
1lYT0A0LV5DUfxr6doRP3d,5vIOGcdmx1eIkq3ZtuS12U
1lYT0A0LV5DUfxr6doRP3d,47Z8LEl3LnQkcpva0xSthT
1lYT0A0LV5DUfxr6doRP3d,3iejrAcqxYoVgyxp6zkWgs
1lYT0A0LV5DUfxr6doRP3d,2P560DaOMNDUACoH8ZhOCR
1lYT0A0LV5DUfxr6doRP3d,0vBDEQ1aLZpe4zgn2fPH6Z
1lYT0A0LV5DUfxr6doRP3d,0sHeX8oQ6o7xic3wMf4NBU
1lYT0A0LV5DUfxr6doRP3d,1NfJU4hy56Z4UM4iyIa1B2
1lYT0A0LV5DUfxr6doRP3d,3mbVe260Kgvs1P8YFcCyY7
1lYT0A0LV5DUfxr6doRP3d,6PHIK3kjWggLtVygsOtpqS
1lYT0A0LV5DUfxr6doRP3d,0qLNsNKm8bQcMoRFkR8Hmh
1lYT0A0LV5DUfxr6doRP3d,1HGTHrRQkw0BtevSo1jucU
1lYT0A0LV5DUfxr6doRP3d,2uH0RyPcX7fnCcT90HFDQX
21UJ7PRWb3Etgsu99f8yo8,11wRdbnoYqRddKBrpHt4Ue
21UJ7PRWb3Etgsu99f8yo8,450iujbtN6XgiA9pv6fVZz
21UJ7PRWb3Etgsu99f8yo8,0LbLWjaweRbO4FDKYlbfNt
21UJ7PRWb3Etgsu99f8yo8,3rIZMv9rysU7JkLzEaC5Jp
21UJ7PRWb3Etgsu99f8yo8,18Zv2g2vUcEGqJf6WnjfXN
21UJ7PRWb3Etgsu99f8yo8,0C0XlULifJtAgn6ZNCW2eu
21UJ7PRWb3Etgsu99f8yo8,2qk9voo8llSGYcZ6xrBzKx
21UJ7PRWb3Etgsu99f8yo8,5vIOGcdmx1eIkq3ZtuS12U
21UJ7PRWb3Etgsu99f8yo8,2uH0RyPcX7fnCcT90HFDQX
21UJ7PRWb3Etgsu99f8yo8,0ZZr6Y49NZWRJc0uCwqpMR
21UJ7PRWb3Etgsu99f8yo8,3bUwxJgNakzYKkqAVgZLlh
21UJ7PRWb3Etgsu99f8yo8,1HGTHrRQkw0BtevSo1jucU
21UJ7PRWb3Etgsu99f8yo8,74K7bX12L8GBAWvPuyIgJ7
21UJ7PRWb3Etgsu99f8yo8,0sHeX8oQ6o7xic3wMf4NBU
21UJ7PRWb3Etgsu99f8yo8,5fScAXreYFnuqwOgBsJgSd
21UJ7PRWb3Etgsu99f8yo8,0G8zjE6SsFTlbglCkU8pm3
21UJ7PRWb3Etgsu99f8yo8,0vBDEQ1aLZpe4zgn2fPH6Z
21UJ7PRWb3Etgsu99f8yo8,3s398TKZNahAURRacx7oIT
21UJ7PRWb3Etgsu99f8yo8,7Lf3LOZp3U3u2f6cWMd3AH
21UJ7PRWb3Etgsu99f8yo8,0qLNsNKm8bQcMoRFkR8Hmh
21UJ7PRWb3Etgsu99f8yo8,53A0W3U0s8diEn9RhXQhVz
11wRdbnoYqRddKBrpHt4Ue,4fSPtBgFPZzygkY6MehwQ7
11wRdbnoYqRddKBrpHt4Ue,0LbLWjaweRbO4FDKYlbfNt
11wRdbnoYqRddKBrpHt4Ue,450iujbtN6XgiA9pv6fVZz
11wRdbnoYqRddKBrpHt4Ue,0XNa1vTidXlvJ2gHSsRi4A
11wRdbnoYqRddKBrpHt4Ue,1NfJU4hy56Z4UM4iyIa1B2
11wRdbnoYqRddKBrpHt4Ue,2qlAMLpUyBjZgnzuFXXZXI
11wRdbnoYqRddKBrpHt4Ue,14Gi3Uph96lpNB3utkoVAD
11wRdbnoYqRddKBrpHt4Ue,3M4ThdJR28z9eSMcQHAZ5G
11wRdbnoYqRddKBrpHt4Ue,6e9wIFWhBPHLE9bXK8gtBI
11wRdbnoYqRddKBrpHt4Ue,3M0H4efyA5YcijrKlaKbYn
11wRdbnoYqRddKBrpHt4Ue,6OiHleP2bHM18dXq4aZQWt
11wRdbnoYqRddKBrpHt4Ue,3s398TKZNahAURRacx7oIT
11wRdbnoYqRddKBrpHt4Ue,3MM8mtgFzaEJsqbjZBSsHJ
11wRdbnoYqRddKBrpHt4Ue,0Ak6DLKHtpR6TEEnmcorKA
11wRdbnoYqRddKBrpHt4Ue,0IBAqjHG8DSaD7PPCGnGiZ
11wRdbnoYqRddKBrpHt4Ue,01ZP85CNi7Y9t1e0one46k
11wRdbnoYqRddKBrpHt4Ue,1GLtl8uqKmnyCWxHmw9tL4
11wRdbnoYqRddKBrpHt4Ue,2Z7UcsdweVlRbAk5wH5fsf
11wRdbnoYqRddKBrpHt4Ue,6FQqZYVfTNQ1pCqfkwVFEa
11wRdbnoYqRddKBrpHt4Ue,18Zv2g2vUcEGqJf6WnjfXN
11wRdbnoYqRddKBrpHt4Ue,0C0XlULifJtAgn6ZNCW2eu
11wRdbnoYqRddKBrpHt4Ue,2qk9voo8llSGYcZ6xrBzKx
11wRdbnoYqRddKBrpHt4Ue,53A0W3U0s8diEn9RhXQhVz
6IRQd80VHepXiTXdmBzk6l,3s398TKZNahAURRacx7oIT
6IRQd80VHepXiTXdmBzk6l,1HGTHrRQkw0BtevSo1jucU
6IRQd80VHepXiTXdmBzk6l,5yBDILLJyNFAjFpECkk7ys
3bUwxJgNakzYKkqAVgZLlh,3rIZMv9rysU7JkLzEaC5Jp
3bUwxJgNakzYKkqAVgZLlh,18Zv2g2vUcEGqJf6WnjfXN
3bUwxJgNakzYKkqAVgZLlh,53A0W3U0s8diEn9RhXQhVz
0C0XlULifJtAgn6ZNCW2eu,3rIZMv9rysU7JkLzEaC5Jp
0C0XlULifJtAgn6ZNCW2eu,18Zv2g2vUcEGqJf6WnjfXN
0C0XlULifJtAgn6ZNCW2eu,2qk9voo8llSGYcZ6xrBzKx
0C0XlULifJtAgn6ZNCW2eu,0XNa1vTidXlvJ2gHSsRi4A
0C0XlULifJtAgn6ZNCW2eu,0LbLWjaweRbO4FDKYlbfNt
0C0XlULifJtAgn6ZNCW2eu,1GLtl8uqKmnyCWxHmw9tL4
0C0XlULifJtAgn6ZNCW2eu,0epOFNiUfyON9EYx7Tpr6V
0C0XlULifJtAgn6ZNCW2eu,12Chz98pHFMPJEknJQMWvI
0C0XlULifJtAgn6ZNCW2eu,4F84IBURUo98rz4r61KF70
0C0XlULifJtAgn6ZNCW2eu,536BYVgOnRky0xjsPT96zl
0C0XlULifJtAgn6ZNCW2eu,0SwO7SWeDHJijQ3XNS7xEE
0C0XlULifJtAgn6ZNCW2eu,3M4ThdJR28z9eSMcQHAZ5G
0C0XlULifJtAgn6ZNCW2eu,3WaJSfKnzc65VDgmj2zU8B
0C0XlULifJtAgn6ZNCW2eu,7jy3rLJdDQY21OgRLCZ9sD
0C0XlULifJtAgn6ZNCW2eu,7gP3bB2nilZXLfPHJhMdvc
0C0XlULifJtAgn6ZNCW2eu,3kjuyTCjPG1WMFCiyc5IuB
0C0XlULifJtAgn6ZNCW2eu,53A0W3U0s8diEn9RhXQhVz
0LbLWjaweRbO4FDKYlbfNt,3M4ThdJR28z9eSMcQHAZ5G
0LbLWjaweRbO4FDKYlbfNt,450iujbtN6XgiA9pv6fVZz
0LbLWjaweRbO4FDKYlbfNt,1GLtl8uqKmnyCWxHmw9tL4
0LbLWjaweRbO4FDKYlbfNt,3MM8mtgFzaEJsqbjZBSsHJ
0LbLWjaweRbO4FDKYlbfNt,0XNa1vTidXlvJ2gHSsRi4A
0LbLWjaweRbO4FDKYlbfNt,14Gi3Uph96lpNB3utkoVAD
0LbLWjaweRbO4FDKYlbfNt,4LlDtNr8qFwhrT8eL2wzH4
0LbLWjaweRbO4FDKYlbfNt,4fSPtBgFPZzygkY6MehwQ7
0LbLWjaweRbO4FDKYlbfNt,2qV7axHq9Jk7QqFcB3f05A
0LbLWjaweRbO4FDKYlbfNt,7FPkZue0zzjHaOPJb4WCw3
0LbLWjaweRbO4FDKYlbfNt,2qlAMLpUyBjZgnzuFXXZXI
0LbLWjaweRbO4FDKYlbfNt,4DToQR3aKrHQSSRzSz8Nzt
0LbLWjaweRbO4FDKYlbfNt,6e9wIFWhBPHLE9bXK8gtBI
0LbLWjaweRbO4FDKYlbfNt,2uH0RyPcX7fnCcT90HFDQX
0LbLWjaweRbO4FDKYlbfNt,048FBwXjFYBWxSggPDipic
0LbLWjaweRbO4FDKYlbfNt,2wpJOPmf1TIOzrB9mzHifd
0LbLWjaweRbO4FDKYlbfNt,0sHeX8oQ6o7xic3wMf4NBU
0LbLWjaweRbO4FDKYlbfNt,6OiHleP2bHM18dXq4aZQWt
0LbLWjaweRbO4FDKYlbfNt,0Ya43ZKWHTKkAbkoJJkwIB
0LbLWjaweRbO4FDKYlbfNt,3rIZMv9rysU7JkLzEaC5Jp
0LbLWjaweRbO4FDKYlbfNt,18Zv2g2vUcEGqJf6WnjfXN
0LbLWjaweRbO4FDKYlbfNt,2qk9voo8llSGYcZ6xrBzKx
0LbLWjaweRbO4FDKYlbfNt,53A0W3U0s8diEn9RhXQhVz
36E7oYfz3LLRto6l2WmDcD,4fSPtBgFPZzygkY6MehwQ7
36E7oYfz3LLRto6l2WmDcD,6PHIK3kjWggLtVygsOtpqS
36E7oYfz3LLRto6l2WmDcD,13W7XLRXdWeLmIu9vacE1w
36E7oYfz3LLRto6l2WmDcD,0sHeX8oQ6o7xic3wMf4NBU
36E7oYfz3LLRto6l2WmDcD,339DNkQkuhHKEcHw6oK8f0
36E7oYfz3LLRto6l2WmDcD,5fScAXreYFnuqwOgBsJgSd
36E7oYfz3LLRto6l2WmDcD,3wury2nd8idV4GecUg5xze
36E7oYfz3LLRto6l2WmDcD,2uH0RyPcX7fnCcT90HFDQX
36E7oYfz3LLRto6l2WmDcD,3l14gV4hIMAjmo7KUvEWTx
36E7oYfz3LLRto6l2WmDcD,0qLNsNKm8bQcMoRFkR8Hmh
36E7oYfz3LLRto6l2WmDcD,5vIOGcdmx1eIkq3ZtuS12U
36E7oYfz3LLRto6l2WmDcD,66GWpx9iLxrvvfhDsG9STP
36E7oYfz3LLRto6l2WmDcD,47Z8LEl3LnQkcpva0xSthT
36E7oYfz3LLRto6l2WmDcD,2evydP72Z45DouM4uMGsIE
36E7oYfz3LLRto6l2WmDcD,3s398TKZNahAURRacx7oIT
36E7oYfz3LLRto6l2WmDcD,4rjlerN21ygkIhmUv55irs
36E7oYfz3LLRto6l2WmDcD,67YNiSqhrx1P8oPvIIvbP5
36E7oYfz3LLRto6l2WmDcD,3iejrAcqxYoVgyxp6zkWgs
36E7oYfz3LLRto6l2WmDcD,432R46LaYsJZV2Gmc4jUV5
53A0W3U0s8diEn9RhXQhVz,3rIZMv9rysU7JkLzEaC5Jp
53A0W3U0s8diEn9RhXQhVz,18Zv2g2vUcEGqJf6WnjfXN
53A0W3U0s8diEn9RhXQhVz,7KMqksf0UMdyA0UCf4R3ux
53A0W3U0s8diEn9RhXQhVz,2QLe6Hv3OunsyrNaTRDxQn
53A0W3U0s8diEn9RhXQhVz,0XNa1vTidXlvJ2gHSsRi4A
53A0W3U0s8diEn9RhXQhVz,450iujbtN6XgiA9pv6fVZz
53A0W3U0s8diEn9RhXQhVz,0G8zjE6SsFTlbglCkU8pm3
53A0W3U0s8diEn9RhXQhVz,2mpeljBig2IXLXRAFO9AAs
53A0W3U0s8diEn9RhXQhVz,12Chz98pHFMPJEknJQMWvI
53A0W3U0s8diEn9RhXQhVz,2uH0RyPcX7fnCcT90HFDQX
53A0W3U0s8diEn9RhXQhVz,2qk9voo8llSGYcZ6xrBzKx
53A0W3U0s8diEn9RhXQhVz,1GLtl8uqKmnyCWxHmw9tL4
0XNa1vTidXlvJ2gHSsRi4A,3M4ThdJR28z9eSMcQHAZ5G
0XNa1vTidXlvJ2gHSsRi4A,1GLtl8uqKmnyCWxHmw9tL4
0XNa1vTidXlvJ2gHSsRi4A,1ctkBmvz80MGyi72Ix055S
0XNa1vTidXlvJ2gHSsRi4A,3MM8mtgFzaEJsqbjZBSsHJ
0XNa1vTidXlvJ2gHSsRi4A,0epOFNiUfyON9EYx7Tpr6V
0XNa1vTidXlvJ2gHSsRi4A,2Z7UcsdweVlRbAk5wH5fsf
0XNa1vTidXlvJ2gHSsRi4A,4DToQR3aKrHQSSRzSz8Nzt
0XNa1vTidXlvJ2gHSsRi4A,4fSPtBgFPZzygkY6MehwQ7
0XNa1vTidXlvJ2gHSsRi4A,3WaJSfKnzc65VDgmj2zU8B
0XNa1vTidXlvJ2gHSsRi4A,4F84IBURUo98rz4r61KF70
0XNa1vTidXlvJ2gHSsRi4A,4wo1267SJuUfHgasdlfNfc
0XNa1vTidXlvJ2gHSsRi4A,2qlAMLpUyBjZgnzuFXXZXI
0XNa1vTidXlvJ2gHSsRi4A,7vkiEK5D7Gf0z4M1Va0CXD
0XNa1vTidXlvJ2gHSsRi4A,6e9wIFWhBPHLE9bXK8gtBI
0XNa1vTidXlvJ2gHSsRi4A,3TNt4aUIxgfy9aoaft5Jj2
0XNa1vTidXlvJ2gHSsRi4A,450iujbtN6XgiA9pv6fVZz
0XNa1vTidXlvJ2gHSsRi4A,5ypxebeHEIXjMtJb17uJlI
0XNa1vTidXlvJ2gHSsRi4A,3kjuyTCjPG1WMFCiyc5IuB
0XNa1vTidXlvJ2gHSsRi4A,536BYVgOnRky0xjsPT96zl
0XNa1vTidXlvJ2gHSsRi4A,18Zv2g2vUcEGqJf6WnjfXN
0XNa1vTidXlvJ2gHSsRi4A,2qk9voo8llSGYcZ6xrBzKx
4Z8W4fKeB5YxbusRsdQVPb,4CvTDPKA6W06DRfBnZKrau
4Z8W4fKeB5YxbusRsdQVPb,6zvul52xwTWzilBZl6BUbT
4Z8W4fKeB5YxbusRsdQVPb,3yY2gUcIsjMr8hjo51PoJ8
4Z8W4fKeB5YxbusRsdQVPb,7bu3H8JO7d0UbMoVzbo70s
4Z8W4fKeB5YxbusRsdQVPb,6liAMWkVf5LH7YR9yfFy1Y
4Z8W4fKeB5YxbusRsdQVPb,0epOFNiUfyON9EYx7Tpr6V
4Z8W4fKeB5YxbusRsdQVPb,432R46LaYsJZV2Gmc4jUV5
4Z8W4fKeB5YxbusRsdQVPb,40Yq4vzPs9VNUrIBG5Jr2i
4Z8W4fKeB5YxbusRsdQVPb,72X6FHxaShda0XeQw3vbeF
4Z8W4fKeB5YxbusRsdQVPb,3nnQpaTvKb5jCQabZefACI
4Z8W4fKeB5YxbusRsdQVPb,6Ghvu1VvMGScGpOUJBAHNH
4Z8W4fKeB5YxbusRsdQVPb,3G3Gdm0ZRAOxLrbyjfhii5
4Z8W4fKeB5YxbusRsdQVPb,5UqTO8smerMvxHYA5xsXb6
4Z8W4fKeB5YxbusRsdQVPb,7w29UYBi0qsHi5RTcv3lmA
4Z8W4fKeB5YxbusRsdQVPb,3WaJSfKnzc65VDgmj2zU8B
4Z8W4fKeB5YxbusRsdQVPb,1nJvji2KIlWSseXRSlNYsC
4Z8W4fKeB5YxbusRsdQVPb,3jOstUTkEu2JkjvRdBA5Gu
4Z8W4fKeB5YxbusRsdQVPb,3kjuyTCjPG1WMFCiyc5IuB
4Z8W4fKeB5YxbusRsdQVPb,2ApaG60P4r0yhBoDCGD8YG
3rIZMv9rysU7JkLzEaC5Jp,0zOcE3mg9nS6l3yxt1Y0bK
3rIZMv9rysU7JkLzEaC5Jp,450iujbtN6XgiA9pv6fVZz
3rIZMv9rysU7JkLzEaC5Jp,5PokPZn11xzZXyXSfnvIM3
3rIZMv9rysU7JkLzEaC5Jp,2sil8z5kiy4r76CRTXxBCA
3rIZMv9rysU7JkLzEaC5Jp,2qk9voo8llSGYcZ6xrBzKx
3rIZMv9rysU7JkLzEaC5Jp,5aMmmNxw4vgpc5XC6hK0zp
3rIZMv9rysU7JkLzEaC5Jp,7KMqksf0UMdyA0UCf4R3ux
3rIZMv9rysU7JkLzEaC5Jp,6C0JkmxU2cgkVzotHJgfW7
3rIZMv9rysU7JkLzEaC5Jp,1g1yxsNVPhMUl9GrMjEb2o
3rIZMv9rysU7JkLzEaC5Jp,18Zv2g2vUcEGqJf6WnjfXN
3rIZMv9rysU7JkLzEaC5Jp,0ZZr6Y49NZWRJc0uCwqpMR
3rIZMv9rysU7JkLzEaC5Jp,3AQRLZ9PuTAozP28Skbq8V
3rIZMv9rysU7JkLzEaC5Jp,3FUY2gzHeIiaesXtOAdB7A
3rIZMv9rysU7JkLzEaC5Jp,7FgMLbnZVrEnir95O0YujA
0epOFNiUfyON9EYx7Tpr6V,1GLtl8uqKmnyCWxHmw9tL4
0epOFNiUfyON9EYx7Tpr6V,1ctkBmvz80MGyi72Ix055S
0epOFNiUfyON9EYx7Tpr6V,1rAv1GhTQ2rmG94p9lU3rB
0epOFNiUfyON9EYx7Tpr6V,3WaJSfKnzc65VDgmj2zU8B
0epOFNiUfyON9EYx7Tpr6V,2Z7UcsdweVlRbAk5wH5fsf
0epOFNiUfyON9EYx7Tpr6V,0SwO7SWeDHJijQ3XNS7xEE
0epOFNiUfyON9EYx7Tpr6V,26T3LtbuGT1Fu9m0eRq5X3
0epOFNiUfyON9EYx7Tpr6V,4F84IBURUo98rz4r61KF70
0epOFNiUfyON9EYx7Tpr6V,4fSPtBgFPZzygkY6MehwQ7
0epOFNiUfyON9EYx7Tpr6V,6zvul52xwTWzilBZl6BUbT
0epOFNiUfyON9EYx7Tpr6V,4nUBBtLtzqZGpdiynTJbYJ
0epOFNiUfyON9EYx7Tpr6V,3kjuyTCjPG1WMFCiyc5IuB
0epOFNiUfyON9EYx7Tpr6V,432R46LaYsJZV2Gmc4jUV5
0epOFNiUfyON9EYx7Tpr6V,5BvJzeQpmsdsFp4HGUYUEx
0epOFNiUfyON9EYx7Tpr6V,536BYVgOnRky0xjsPT96zl
0epOFNiUfyON9EYx7Tpr6V,3yY2gUcIsjMr8hjo51PoJ8
0epOFNiUfyON9EYx7Tpr6V,1Li0eIWeMeWcOOWpImcG9H
0epOFNiUfyON9EYx7Tpr6V,1xU878Z1QtBldR7ru9owdU
0epOFNiUfyON9EYx7Tpr6V,2qk9voo8llSGYcZ6xrBzKx
1GLtl8uqKmnyCWxHmw9tL4,3M4ThdJR28z9eSMcQHAZ5G
1GLtl8uqKmnyCWxHmw9tL4,0Ak6DLKHtpR6TEEnmcorKA
1GLtl8uqKmnyCWxHmw9tL4,0Ya43ZKWHTKkAbkoJJkwIB
1GLtl8uqKmnyCWxHmw9tL4,450iujbtN6XgiA9pv6fVZz
1GLtl8uqKmnyCWxHmw9tL4,4fSPtBgFPZzygkY6MehwQ7
1GLtl8uqKmnyCWxHmw9tL4,536BYVgOnRky0xjsPT96zl
1GLtl8uqKmnyCWxHmw9tL4,2xaAOVImG2O6lURwqperlD
1GLtl8uqKmnyCWxHmw9tL4,6FQqZYVfTNQ1pCqfkwVFEa
1GLtl8uqKmnyCWxHmw9tL4,2Z7UcsdweVlRbAk5wH5fsf
1GLtl8uqKmnyCWxHmw9tL4,22RISwgVJyZu9lpqAcv1F5
1GLtl8uqKmnyCWxHmw9tL4,6hl5k4gLl1p3sjhHcb57t2
1GLtl8uqKmnyCWxHmw9tL4,7FPkZue0zzjHaOPJb4WCw3
1GLtl8uqKmnyCWxHmw9tL4,3MM8mtgFzaEJsqbjZBSsHJ
1GLtl8uqKmnyCWxHmw9tL4,1xU878Z1QtBldR7ru9owdU
1GLtl8uqKmnyCWxHmw9tL4,1ctkBmvz80MGyi72Ix055S
1GLtl8uqKmnyCWxHmw9tL4,3pTE9iaJTkWns3mxpNQlJV
1GLtl8uqKmnyCWxHmw9tL4,18Zv2g2vUcEGqJf6WnjfXN
1GLtl8uqKmnyCWxHmw9tL4,2qk9voo8llSGYcZ6xrBzKx
4fSPtBgFPZzygkY6MehwQ7,0IBAqjHG8DSaD7PPCGnGiZ
4fSPtBgFPZzygkY6MehwQ7,0ikiOZC4SDG6OrgHLESydg
4fSPtBgFPZzygkY6MehwQ7,6fHETUBbKmdmgybtFOFQuc
4fSPtBgFPZzygkY6MehwQ7,6OiHleP2bHM18dXq4aZQWt
4fSPtBgFPZzygkY6MehwQ7,51Eq6WMVEOjjx9KQMAnneG
4fSPtBgFPZzygkY6MehwQ7,1fy3AQc7grjf5LnCd7snSg
4fSPtBgFPZzygkY6MehwQ7,1NfJU4hy56Z4UM4iyIa1B2
4fSPtBgFPZzygkY6MehwQ7,450iujbtN6XgiA9pv6fVZz
4fSPtBgFPZzygkY6MehwQ7,7FPkZue0zzjHaOPJb4WCw3
4fSPtBgFPZzygkY6MehwQ7,0Ak6DLKHtpR6TEEnmcorKA
4fSPtBgFPZzygkY6MehwQ7,01ZP85CNi7Y9t1e0one46k
4fSPtBgFPZzygkY6MehwQ7,3M4ThdJR28z9eSMcQHAZ5G
4fSPtBgFPZzygkY6MehwQ7,3Rsr4Z96O6U3lToOiV3zBh
4fSPtBgFPZzygkY6MehwQ7,3M0H4efyA5YcijrKlaKbYn
4fSPtBgFPZzygkY6MehwQ7,4witOSloY5fbZOrzjyhpzk
4fSPtBgFPZzygkY6MehwQ7,5fScAXreYFnuqwOgBsJgSd
4fSPtBgFPZzygkY6MehwQ7,2qlAMLpUyBjZgnzuFXXZXI
4fSPtBgFPZzygkY6MehwQ7,2qV7axHq9Jk7QqFcB3f05A
4fSPtBgFPZzygkY6MehwQ7,1ctkBmvz80MGyi72Ix055S
4fSPtBgFPZzygkY6MehwQ7,3MM8mtgFzaEJsqbjZBSsHJ
4fSPtBgFPZzygkY6MehwQ7,2Z7UcsdweVlRbAk5wH5fsf
4fSPtBgFPZzygkY6MehwQ7,3WaJSfKnzc65VDgmj2zU8B
0IBAqjHG8DSaD7PPCGnGiZ,2qlAMLpUyBjZgnzuFXXZXI
0IBAqjHG8DSaD7PPCGnGiZ,4witOSloY5fbZOrzjyhpzk
0IBAqjHG8DSaD7PPCGnGiZ,3M0H4efyA5YcijrKlaKbYn
0IBAqjHG8DSaD7PPCGnGiZ,3M4ThdJR28z9eSMcQHAZ5G
0IBAqjHG8DSaD7PPCGnGiZ,450iujbtN6XgiA9pv6fVZz
0IBAqjHG8DSaD7PPCGnGiZ,51Eq6WMVEOjjx9KQMAnneG
0IBAqjHG8DSaD7PPCGnGiZ,6OiHleP2bHM18dXq4aZQWt
0IBAqjHG8DSaD7PPCGnGiZ,6fHETUBbKmdmgybtFOFQuc
0IBAqjHG8DSaD7PPCGnGiZ,0ikiOZC4SDG6OrgHLESydg
0IBAqjHG8DSaD7PPCGnGiZ,1fy3AQc7grjf5LnCd7snSg
0IBAqjHG8DSaD7PPCGnGiZ,7mDQwcnDUGuSoggxbUtVc1
0IBAqjHG8DSaD7PPCGnGiZ,048FBwXjFYBWxSggPDipic
0IBAqjHG8DSaD7PPCGnGiZ,01ZP85CNi7Y9t1e0one46k
0IBAqjHG8DSaD7PPCGnGiZ,3Sr1muUE6DYihFufoHpnfc
0IBAqjHG8DSaD7PPCGnGiZ,3TBfn8PtXr42OrTPaoC3E8
0IBAqjHG8DSaD7PPCGnGiZ,7FPkZue0zzjHaOPJb4WCw3
0IBAqjHG8DSaD7PPCGnGiZ,4BntNFyiN3VGG4hhRRZt9d
0IBAqjHG8DSaD7PPCGnGiZ,5yBDILLJyNFAjFpECkk7ys
0IBAqjHG8DSaD7PPCGnGiZ,2qV7axHq9Jk7QqFcB3f05A
0IBAqjHG8DSaD7PPCGnGiZ,14Gi3Uph96lpNB3utkoVAD
0IBAqjHG8DSaD7PPCGnGiZ,1ctkBmvz80MGyi72Ix055S
0IBAqjHG8DSaD7PPCGnGiZ,2Z7UcsdweVlRbAk5wH5fsf
0ikiOZC4SDG6OrgHLESydg,4witOSloY5fbZOrzjyhpzk
0ikiOZC4SDG6OrgHLESydg,3M0H4efyA5YcijrKlaKbYn
0ikiOZC4SDG6OrgHLESydg,6fHETUBbKmdmgybtFOFQuc
0ikiOZC4SDG6OrgHLESydg,51Eq6WMVEOjjx9KQMAnneG
0ikiOZC4SDG6OrgHLESydg,6OiHleP2bHM18dXq4aZQWt
0ikiOZC4SDG6OrgHLESydg,1fy3AQc7grjf5LnCd7snSg
0ikiOZC4SDG6OrgHLESydg,28KtnfdwBHptsGPPWjeovU
0ikiOZC4SDG6OrgHLESydg,5yBDILLJyNFAjFpECkk7ys
0ikiOZC4SDG6OrgHLESydg,3Sr1muUE6DYihFufoHpnfc
0ikiOZC4SDG6OrgHLESydg,7mDQwcnDUGuSoggxbUtVc1
0ikiOZC4SDG6OrgHLESydg,13W7XLRXdWeLmIu9vacE1w
0ikiOZC4SDG6OrgHLESydg,01ZP85CNi7Y9t1e0one46k
0ikiOZC4SDG6OrgHLESydg,3s398TKZNahAURRacx7oIT
0ikiOZC4SDG6OrgHLESydg,15dpP4ak7Z35TvysdicaUr
0ikiOZC4SDG6OrgHLESydg,7FPkZue0zzjHaOPJb4WCw3
0ikiOZC4SDG6OrgHLESydg,3RyJG8xp58XSmsiuIySzUj
0ikiOZC4SDG6OrgHLESydg,6iy8nrBbtL57i4eUttHTww
0ikiOZC4SDG6OrgHLESydg,450iujbtN6XgiA9pv6fVZz
0ikiOZC4SDG6OrgHLESydg,1ctkBmvz80MGyi72Ix055S
0ikiOZC4SDG6OrgHLESydg,2Z7UcsdweVlRbAk5wH5fsf
6fHETUBbKmdmgybtFOFQuc,2qlAMLpUyBjZgnzuFXXZXI
6fHETUBbKmdmgybtFOFQuc,4witOSloY5fbZOrzjyhpzk
6fHETUBbKmdmgybtFOFQuc,3M0H4efyA5YcijrKlaKbYn
6fHETUBbKmdmgybtFOFQuc,3M4ThdJR28z9eSMcQHAZ5G
6fHETUBbKmdmgybtFOFQuc,7FPkZue0zzjHaOPJb4WCw3
6fHETUBbKmdmgybtFOFQuc,51Eq6WMVEOjjx9KQMAnneG
6fHETUBbKmdmgybtFOFQuc,7mDQwcnDUGuSoggxbUtVc1
6fHETUBbKmdmgybtFOFQuc,0ucpA79hkvtJ2qtPv1yXVm
6fHETUBbKmdmgybtFOFQuc,3TBfn8PtXr42OrTPaoC3E8
6fHETUBbKmdmgybtFOFQuc,3Sr1muUE6DYihFufoHpnfc
6fHETUBbKmdmgybtFOFQuc,1fy3AQc7grjf5LnCd7snSg
6fHETUBbKmdmgybtFOFQuc,721LNYldlmaLlKi0IQ5ClK
6fHETUBbKmdmgybtFOFQuc,15dpP4ak7Z35TvysdicaUr
6fHETUBbKmdmgybtFOFQuc,01ZP85CNi7Y9t1e0one46k
6fHETUBbKmdmgybtFOFQuc,1KlihEB7FggW8e9cMbPXAz
6fHETUBbKmdmgybtFOFQuc,2qV7axHq9Jk7QqFcB3f05A
6fHETUBbKmdmgybtFOFQuc,6OiHleP2bHM18dXq4aZQWt
6fHETUBbKmdmgybtFOFQuc,048FBwXjFYBWxSggPDipic
6fHETUBbKmdmgybtFOFQuc,35YNL4wwv11ZkmeWWL51y7
6fHETUBbKmdmgybtFOFQuc,4BntNFyiN3VGG4hhRRZt9d
6fHETUBbKmdmgybtFOFQuc,2Z7UcsdweVlRbAk5wH5fsf
6OiHleP2bHM18dXq4aZQWt,2qV7axHq9Jk7QqFcB3f05A
6OiHleP2bHM18dXq4aZQWt,3M0H4efyA5YcijrKlaKbYn
6OiHleP2bHM18dXq4aZQWt,3Rsr4Z96O6U3lToOiV3zBh
6OiHleP2bHM18dXq4aZQWt,3M4ThdJR28z9eSMcQHAZ5G
6OiHleP2bHM18dXq4aZQWt,7FPkZue0zzjHaOPJb4WCw3
6OiHleP2bHM18dXq4aZQWt,450iujbtN6XgiA9pv6fVZz
6OiHleP2bHM18dXq4aZQWt,1NfJU4hy56Z4UM4iyIa1B2
6OiHleP2bHM18dXq4aZQWt,51Eq6WMVEOjjx9KQMAnneG
6OiHleP2bHM18dXq4aZQWt,0vBDEQ1aLZpe4zgn2fPH6Z
6OiHleP2bHM18dXq4aZQWt,01ZP85CNi7Y9t1e0one46k
6OiHleP2bHM18dXq4aZQWt,1fy3AQc7grjf5LnCd7snSg
6OiHleP2bHM18dXq4aZQWt,47Z8LEl3LnQkcpva0xSthT
6OiHleP2bHM18dXq4aZQWt,5fScAXreYFnuqwOgBsJgSd
6OiHleP2bHM18dXq4aZQWt,3iejrAcqxYoVgyxp6zkWgs
6OiHleP2bHM18dXq4aZQWt,5vIOGcdmx1eIkq3ZtuS12U
6OiHleP2bHM18dXq4aZQWt,0LVrQUinPUBFvVD5pLqmWY
6OiHleP2bHM18dXq4aZQWt,3s398TKZNahAURRacx7oIT
6OiHleP2bHM18dXq4aZQWt,3mbVe260Kgvs1P8YFcCyY7
6OiHleP2bHM18dXq4aZQWt,14GEKKALFIO2oB9IdGXg2e
6OiHleP2bHM18dXq4aZQWt,66nOkPJTFgK25NMmojG04V
6OiHleP2bHM18dXq4aZQWt,3TBfn8PtXr42OrTPaoC3E8
6OiHleP2bHM18dXq4aZQWt,14Gi3Uph96lpNB3utkoVAD
6OiHleP2bHM18dXq4aZQWt,66GWpx9iLxrvvfhDsG9STP
6OiHleP2bHM18dXq4aZQWt,0ZZr6Y49NZWRJc0uCwqpMR
6OiHleP2bHM18dXq4aZQWt,1HGTHrRQkw0BtevSo1jucU
6OiHleP2bHM18dXq4aZQWt,5yBDILLJyNFAjFpECkk7ys
51Eq6WMVEOjjx9KQMAnneG,2qlAMLpUyBjZgnzuFXXZXI
51Eq6WMVEOjjx9KQMAnneG,4witOSloY5fbZOrzjyhpzk
51Eq6WMVEOjjx9KQMAnneG,3M0H4efyA5YcijrKlaKbYn
51Eq6WMVEOjjx9KQMAnneG,3Rsr4Z96O6U3lToOiV3zBh
51Eq6WMVEOjjx9KQMAnneG,0Ak6DLKHtpR6TEEnmcorKA
51Eq6WMVEOjjx9KQMAnneG,7FPkZue0zzjHaOPJb4WCw3
51Eq6WMVEOjjx9KQMAnneG,1NfJU4hy56Z4UM4iyIa1B2
51Eq6WMVEOjjx9KQMAnneG,3TBfn8PtXr42OrTPaoC3E8
51Eq6WMVEOjjx9KQMAnneG,7mDQwcnDUGuSoggxbUtVc1
51Eq6WMVEOjjx9KQMAnneG,3Sr1muUE6DYihFufoHpnfc
51Eq6WMVEOjjx9KQMAnneG,09K1H1DgyIXHsMx2j7KTFX
51Eq6WMVEOjjx9KQMAnneG,1fy3AQc7grjf5LnCd7snSg
51Eq6WMVEOjjx9KQMAnneG,01ZP85CNi7Y9t1e0one46k
51Eq6WMVEOjjx9KQMAnneG,1KlihEB7FggW8e9cMbPXAz
51Eq6WMVEOjjx9KQMAnneG,3On7zXKjSRYhbsuUpLJ59k
51Eq6WMVEOjjx9KQMAnneG,0vW8z9pZMGCcRtGPGtyqiB
51Eq6WMVEOjjx9KQMAnneG,048FBwXjFYBWxSggPDipic
51Eq6WMVEOjjx9KQMAnneG,4kYNTq3njMHBcnv8Di0v0Y
51Eq6WMVEOjjx9KQMAnneG,35YNL4wwv11ZkmeWWL51y7
51Eq6WMVEOjjx9KQMAnneG,721LNYldlmaLlKi0IQ5ClK
51Eq6WMVEOjjx9KQMAnneG,1SBU4DvQapOFCnxMzENUkp
51Eq6WMVEOjjx9KQMAnneG,0ucpA79hkvtJ2qtPv1yXVm
51Eq6WMVEOjjx9KQMAnneG,3MM8mtgFzaEJsqbjZBSsHJ
1fy3AQc7grjf5LnCd7snSg,2qV7axHq9Jk7QqFcB3f05A
1fy3AQc7grjf5LnCd7snSg,4witOSloY5fbZOrzjyhpzk
1fy3AQc7grjf5LnCd7snSg,3Rsr4Z96O6U3lToOiV3zBh
1fy3AQc7grjf5LnCd7snSg,3M4ThdJR28z9eSMcQHAZ5G
1fy3AQc7grjf5LnCd7snSg,7FPkZue0zzjHaOPJb4WCw3
1fy3AQc7grjf5LnCd7snSg,450iujbtN6XgiA9pv6fVZz
1fy3AQc7grjf5LnCd7snSg,1NfJU4hy56Z4UM4iyIa1B2
1fy3AQc7grjf5LnCd7snSg,5yBDILLJyNFAjFpECkk7ys
1NfJU4hy56Z4UM4iyIa1B2,3M0H4efyA5YcijrKlaKbYn
1NfJU4hy56Z4UM4iyIa1B2,3Rsr4Z96O6U3lToOiV3zBh
1NfJU4hy56Z4UM4iyIa1B2,3M4ThdJR28z9eSMcQHAZ5G
1NfJU4hy56Z4UM4iyIa1B2,0Ak6DLKHtpR6TEEnmcorKA
1NfJU4hy56Z4UM4iyIa1B2,7FPkZue0zzjHaOPJb4WCw3
1NfJU4hy56Z4UM4iyIa1B2,450iujbtN6XgiA9pv6fVZz
1NfJU4hy56Z4UM4iyIa1B2,01ZP85CNi7Y9t1e0one46k
1NfJU4hy56Z4UM4iyIa1B2,14GEKKALFIO2oB9IdGXg2e
1NfJU4hy56Z4UM4iyIa1B2,19t4krGrwyr10giUMdv8BK
1NfJU4hy56Z4UM4iyIa1B2,22RISwgVJyZu9lpqAcv1F5
1NfJU4hy56Z4UM4iyIa1B2,4SrofCfzlhtiKRAsMfBxV4
1NfJU4hy56Z4UM4iyIa1B2,7DruTvBV7owt1aSAZHsU58
1NfJU4hy56Z4UM4iyIa1B2,3Sr1muUE6DYihFufoHpnfc
1NfJU4hy56Z4UM4iyIa1B2,6PXYvMeTixxDzYAYugMlbg
1NfJU4hy56Z4UM4iyIa1B2,1KlihEB7FggW8e9cMbPXAz
1NfJU4hy56Z4UM4iyIa1B2,6DlKk9ibc9dCgvyNPGNXdH
1NfJU4hy56Z4UM4iyIa1B2,4AzAfQNuAyKOFG4DZMsdAo
1NfJU4hy56Z4UM4iyIa1B2,6hl5k4gLl1p3sjhHcb57t2
1NfJU4hy56Z4UM4iyIa1B2,7cpCnhhBIU1gA7EhTFApN1
1NfJU4hy56Z4UM4iyIa1B2,3iejrAcqxYoVgyxp6zkWgs
1NfJU4hy56Z4UM4iyIa1B2,3RHoFGKe6KE3LLml7ujPKJ
1NfJU4hy56Z4UM4iyIa1B2,2xaAOVImG2O6lURwqperlD
1NfJU4hy56Z4UM4iyIa1B2,0Ya43ZKWHTKkAbkoJJkwIB
1NfJU4hy56Z4UM4iyIa1B2,5yBDILLJyNFAjFpECkk7ys
450iujbtN6XgiA9pv6fVZz,2qV7axHq9Jk7QqFcB3f05A
450iujbtN6XgiA9pv6fVZz,3Rsr4Z96O6U3lToOiV3zBh
450iujbtN6XgiA9pv6fVZz,3M4ThdJR28z9eSMcQHAZ5G
450iujbtN6XgiA9pv6fVZz,7FPkZue0zzjHaOPJb4WCw3
450iujbtN6XgiA9pv6fVZz,14Gi3Uph96lpNB3utkoVAD
450iujbtN6XgiA9pv6fVZz,01ZP85CNi7Y9t1e0one46k
450iujbtN6XgiA9pv6fVZz,0ZZr6Y49NZWRJc0uCwqpMR
450iujbtN6XgiA9pv6fVZz,4LlDtNr8qFwhrT8eL2wzH4
450iujbtN6XgiA9pv6fVZz,5vIOGcdmx1eIkq3ZtuS12U
450iujbtN6XgiA9pv6fVZz,4AksvCnkZaQoTu1nJr62Db
450iujbtN6XgiA9pv6fVZz,048FBwXjFYBWxSggPDipic
450iujbtN6XgiA9pv6fVZz,2wpJOPmf1TIOzrB9mzHifd
450iujbtN6XgiA9pv6fVZz,74K7bX12L8GBAWvPuyIgJ7
450iujbtN6XgiA9pv6fVZz,6C0JkmxU2cgkVzotHJgfW7
450iujbtN6XgiA9pv6fVZz,18Zv2g2vUcEGqJf6WnjfXN
450iujbtN6XgiA9pv6fVZz,2qk9voo8llSGYcZ6xrBzKx
7FPkZue0zzjHaOPJb4WCw3,2qV7axHq9Jk7QqFcB3f05A
7FPkZue0zzjHaOPJb4WCw3,2qlAMLpUyBjZgnzuFXXZXI
7FPkZue0zzjHaOPJb4WCw3,3M0H4efyA5YcijrKlaKbYn
7FPkZue0zzjHaOPJb4WCw3,3Rsr4Z96O6U3lToOiV3zBh
7FPkZue0zzjHaOPJb4WCw3,3M4ThdJR28z9eSMcQHAZ5G
7FPkZue0zzjHaOPJb4WCw3,0Ak6DLKHtpR6TEEnmcorKA
7FPkZue0zzjHaOPJb4WCw3,01ZP85CNi7Y9t1e0one46k
7FPkZue0zzjHaOPJb4WCw3,14GEKKALFIO2oB9IdGXg2e
7FPkZue0zzjHaOPJb4WCw3,3Sr1muUE6DYihFufoHpnfc
7FPkZue0zzjHaOPJb4WCw3,0ucpA79hkvtJ2qtPv1yXVm
7FPkZue0zzjHaOPJb4WCw3,721LNYldlmaLlKi0IQ5ClK
7FPkZue0zzjHaOPJb4WCw3,14Gi3Uph96lpNB3utkoVAD
7FPkZue0zzjHaOPJb4WCw3,3TBfn8PtXr42OrTPaoC3E8
7FPkZue0zzjHaOPJb4WCw3,1KlihEB7FggW8e9cMbPXAz
7FPkZue0zzjHaOPJb4WCw3,19t4krGrwyr10giUMdv8BK
7FPkZue0zzjHaOPJb4WCw3,048FBwXjFYBWxSggPDipic
7FPkZue0zzjHaOPJb4WCw3,35YNL4wwv11ZkmeWWL51y7
7FPkZue0zzjHaOPJb4WCw3,2xPxXPgmZFs7x6xRFpHwkq
7FPkZue0zzjHaOPJb4WCw3,0Ya43ZKWHTKkAbkoJJkwIB
7FPkZue0zzjHaOPJb4WCw3,0ZZr6Y49NZWRJc0uCwqpMR
0Ak6DLKHtpR6TEEnmcorKA,3M0H4efyA5YcijrKlaKbYn
0Ak6DLKHtpR6TEEnmcorKA,3Rsr4Z96O6U3lToOiV3zBh
0Ak6DLKHtpR6TEEnmcorKA,3M4ThdJR28z9eSMcQHAZ5G
0Ak6DLKHtpR6TEEnmcorKA,0vW8z9pZMGCcRtGPGtyqiB
0Ak6DLKHtpR6TEEnmcorKA,6hl5k4gLl1p3sjhHcb57t2
0Ak6DLKHtpR6TEEnmcorKA,22RISwgVJyZu9lpqAcv1F5
0Ak6DLKHtpR6TEEnmcorKA,09K1H1DgyIXHsMx2j7KTFX
0Ak6DLKHtpR6TEEnmcorKA,0Ya43ZKWHTKkAbkoJJkwIB
0Ak6DLKHtpR6TEEnmcorKA,3pTE9iaJTkWns3mxpNQlJV
0Ak6DLKHtpR6TEEnmcorKA,4fgXfJCQnK6c44u4KzAtQP
0Ak6DLKHtpR6TEEnmcorKA,3sVKVwY8TD445BiC6Q4B43
0Ak6DLKHtpR6TEEnmcorKA,2O9XW1nnGRMkMV1wpK8IiS
0Ak6DLKHtpR6TEEnmcorKA,4hf3caW9H8uFwwbv5pFjcg
0Ak6DLKHtpR6TEEnmcorKA,2qlAMLpUyBjZgnzuFXXZXI
0Ak6DLKHtpR6TEEnmcorKA,1ctkBmvz80MGyi72Ix055S
0Ak6DLKHtpR6TEEnmcorKA,2Z7UcsdweVlRbAk5wH5fsf
0Ak6DLKHtpR6TEEnmcorKA,6FQqZYVfTNQ1pCqfkwVFEa
0Ak6DLKHtpR6TEEnmcorKA,2xaAOVImG2O6lURwqperlD
0Ak6DLKHtpR6TEEnmcorKA,536BYVgOnRky0xjsPT96zl
0Ak6DLKHtpR6TEEnmcorKA,18Zv2g2vUcEGqJf6WnjfXN
01ZP85CNi7Y9t1e0one46k,2qV7axHq9Jk7QqFcB3f05A
01ZP85CNi7Y9t1e0one46k,3M0H4efyA5YcijrKlaKbYn
01ZP85CNi7Y9t1e0one46k,3Rsr4Z96O6U3lToOiV3zBh
01ZP85CNi7Y9t1e0one46k,0ZZr6Y49NZWRJc0uCwqpMR
01ZP85CNi7Y9t1e0one46k,6C0JkmxU2cgkVzotHJgfW7
01ZP85CNi7Y9t1e0one46k,5yBDILLJyNFAjFpECkk7ys
3M4ThdJR28z9eSMcQHAZ5G,2qV7axHq9Jk7QqFcB3f05A
3M4ThdJR28z9eSMcQHAZ5G,4LlDtNr8qFwhrT8eL2wzH4
3M4ThdJR28z9eSMcQHAZ5G,14Gi3Uph96lpNB3utkoVAD
3M4ThdJR28z9eSMcQHAZ5G,4DToQR3aKrHQSSRzSz8Nzt
3M4ThdJR28z9eSMcQHAZ5G,048FBwXjFYBWxSggPDipic
3M4ThdJR28z9eSMcQHAZ5G,2qlAMLpUyBjZgnzuFXXZXI
3M4ThdJR28z9eSMcQHAZ5G,35YNL4wwv11ZkmeWWL51y7
3M4ThdJR28z9eSMcQHAZ5G,1ctkBmvz80MGyi72Ix055S
3M4ThdJR28z9eSMcQHAZ5G,2Z7UcsdweVlRbAk5wH5fsf
3M4ThdJR28z9eSMcQHAZ5G,0Ya43ZKWHTKkAbkoJJkwIB
3Rsr4Z96O6U3lToOiV3zBh,7DruTvBV7owt1aSAZHsU58
3Rsr4Z96O6U3lToOiV3zBh,14GEKKALFIO2oB9IdGXg2e
3Rsr4Z96O6U3lToOiV3zBh,0vW8z9pZMGCcRtGPGtyqiB
3Rsr4Z96O6U3lToOiV3zBh,19t4krGrwyr10giUMdv8BK
3Rsr4Z96O6U3lToOiV3zBh,22RISwgVJyZu9lpqAcv1F5
3Rsr4Z96O6U3lToOiV3zBh,4GvOygVQquMaPm8oAc0vXi
3Rsr4Z96O6U3lToOiV3zBh,6hl5k4gLl1p3sjhHcb57t2
3Rsr4Z96O6U3lToOiV3zBh,09K1H1DgyIXHsMx2j7KTFX
3Rsr4Z96O6U3lToOiV3zBh,048FBwXjFYBWxSggPDipic
3Rsr4Z96O6U3lToOiV3zBh,4fgXfJCQnK6c44u4KzAtQP
3Rsr4Z96O6U3lToOiV3zBh,14Gi3Uph96lpNB3utkoVAD
3Rsr4Z96O6U3lToOiV3zBh,3pTE9iaJTkWns3mxpNQlJV
3Rsr4Z96O6U3lToOiV3zBh,2xaAOVImG2O6lURwqperlD
3Rsr4Z96O6U3lToOiV3zBh,0Ya43ZKWHTKkAbkoJJkwIB
3M0H4efyA5YcijrKlaKbYn,4witOSloY5fbZOrzjyhpzk
3M0H4efyA5YcijrKlaKbYn,2Z7UcsdweVlRbAk5wH5fsf
3M0H4efyA5YcijrKlaKbYn,5yBDILLJyNFAjFpECkk7ys
3M0H4efyA5YcijrKlaKbYn,1ctkBmvz80MGyi72Ix055S
3M0H4efyA5YcijrKlaKbYn,07xbJ7SM1JopFtI1qXvSww
3M0H4efyA5YcijrKlaKbYn,14GEKKALFIO2oB9IdGXg2e
3M0H4efyA5YcijrKlaKbYn,1KlihEB7FggW8e9cMbPXAz
3M0H4efyA5YcijrKlaKbYn,22RISwgVJyZu9lpqAcv1F5
3M0H4efyA5YcijrKlaKbYn,3Sr1muUE6DYihFufoHpnfc
3M0H4efyA5YcijrKlaKbYn,7qZ3cinlwpZtJpylqOLFCA
4witOSloY5fbZOrzjyhpzk,28KtnfdwBHptsGPPWjeovU
4witOSloY5fbZOrzjyhpzk,4phkzibJcNQEaNlVzXnmaK
4witOSloY5fbZOrzjyhpzk,3f8gYJ4wHhuPp6DlDSjOjy
4witOSloY5fbZOrzjyhpzk,7mDQwcnDUGuSoggxbUtVc1
4witOSloY5fbZOrzjyhpzk,15dpP4ak7Z35TvysdicaUr
4witOSloY5fbZOrzjyhpzk,3Sr1muUE6DYihFufoHpnfc
4witOSloY5fbZOrzjyhpzk,1KlihEB7FggW8e9cMbPXAz
4witOSloY5fbZOrzjyhpzk,08qVitADYxRzkx2XDd3PWU
4witOSloY5fbZOrzjyhpzk,5yBDILLJyNFAjFpECkk7ys
4witOSloY5fbZOrzjyhpzk,721LNYldlmaLlKi0IQ5ClK
4witOSloY5fbZOrzjyhpzk,3sVKVwY8TD445BiC6Q4B43
4witOSloY5fbZOrzjyhpzk,0Qj55LNePxFqsslmw1TvNb
4witOSloY5fbZOrzjyhpzk,7ueZp29tCNwjIj4yAMTEaC
5fScAXreYFnuqwOgBsJgSd,66GWpx9iLxrvvfhDsG9STP
5fScAXreYFnuqwOgBsJgSd,339DNkQkuhHKEcHw6oK8f0
5fScAXreYFnuqwOgBsJgSd,3iejrAcqxYoVgyxp6zkWgs
5fScAXreYFnuqwOgBsJgSd,3mbVe260Kgvs1P8YFcCyY7
5fScAXreYFnuqwOgBsJgSd,0vBDEQ1aLZpe4zgn2fPH6Z
5fScAXreYFnuqwOgBsJgSd,66nOkPJTFgK25NMmojG04V
5fScAXreYFnuqwOgBsJgSd,3s398TKZNahAURRacx7oIT
5fScAXreYFnuqwOgBsJgSd,147FGf3bdxV1L0mmVtgaJR
5fScAXreYFnuqwOgBsJgSd,3lN1TG4RIoaJCff6Ck9KUR
5fScAXreYFnuqwOgBsJgSd,5vIOGcdmx1eIkq3ZtuS12U
5fScAXreYFnuqwOgBsJgSd,47Z8LEl3LnQkcpva0xSthT
5fScAXreYFnuqwOgBsJgSd,1dekSPU23UC5hw5b8Uxk9W
5fScAXreYFnuqwOgBsJgSd,3wury2nd8idV4GecUg5xze
5fScAXreYFnuqwOgBsJgSd,0Uo1d5A6BR1I155GlD9WYo
5fScAXreYFnuqwOgBsJgSd,0NbfEPYRgMczimdfM3skmH
5fScAXreYFnuqwOgBsJgSd,67YNiSqhrx1P8oPvIIvbP5
5fScAXreYFnuqwOgBsJgSd,6bGcpvHbRHg8s0wiNyIZK1
5fScAXreYFnuqwOgBsJgSd,2evydP72Z45DouM4uMGsIE
5fScAXreYFnuqwOgBsJgSd,74K7bX12L8GBAWvPuyIgJ7
5fScAXreYFnuqwOgBsJgSd,0qLNsNKm8bQcMoRFkR8Hmh
5fScAXreYFnuqwOgBsJgSd,7Lf3LOZp3U3u2f6cWMd3AH
5fScAXreYFnuqwOgBsJgSd,1HGTHrRQkw0BtevSo1jucU
5fScAXreYFnuqwOgBsJgSd,5yBDILLJyNFAjFpECkk7ys
2qlAMLpUyBjZgnzuFXXZXI,35YNL4wwv11ZkmeWWL51y7
2qlAMLpUyBjZgnzuFXXZXI,166Dz1GX3xonSQ3Z6CQW26
2qlAMLpUyBjZgnzuFXXZXI,3TBfn8PtXr42OrTPaoC3E8
2qlAMLpUyBjZgnzuFXXZXI,14Gi3Uph96lpNB3utkoVAD
2qlAMLpUyBjZgnzuFXXZXI,3MM8mtgFzaEJsqbjZBSsHJ
2qlAMLpUyBjZgnzuFXXZXI,4bFfSfCBYpFh37ziXCSqUs
2qlAMLpUyBjZgnzuFXXZXI,5ZBQea34QfBgEDkcGEKK2b
2qlAMLpUyBjZgnzuFXXZXI,048FBwXjFYBWxSggPDipic
2qlAMLpUyBjZgnzuFXXZXI,3mZqziCJj4pq3P2VBpmK6p
2qlAMLpUyBjZgnzuFXXZXI,7EFB09NxZrMi9pGlOnuBpd
2qlAMLpUyBjZgnzuFXXZXI,09K1H1DgyIXHsMx2j7KTFX
2qlAMLpUyBjZgnzuFXXZXI,0vW8z9pZMGCcRtGPGtyqiB
2qlAMLpUyBjZgnzuFXXZXI,7mDQwcnDUGuSoggxbUtVc1
2qlAMLpUyBjZgnzuFXXZXI,6ssXMmc5EOUrauZxirM910
2qlAMLpUyBjZgnzuFXXZXI,6e9wIFWhBPHLE9bXK8gtBI
2qlAMLpUyBjZgnzuFXXZXI,3pTE9iaJTkWns3mxpNQlJV
2qlAMLpUyBjZgnzuFXXZXI,2Z7UcsdweVlRbAk5wH5fsf
2qlAMLpUyBjZgnzuFXXZXI,6FQqZYVfTNQ1pCqfkwVFEa
2qlAMLpUyBjZgnzuFXXZXI,3WaJSfKnzc65VDgmj2zU8B
2qV7axHq9Jk7QqFcB3f05A,2xPxXPgmZFs7x6xRFpHwkq
2qV7axHq9Jk7QqFcB3f05A,14Gi3Uph96lpNB3utkoVAD
2qV7axHq9Jk7QqFcB3f05A,14GEKKALFIO2oB9IdGXg2e
2qV7axHq9Jk7QqFcB3f05A,3TBfn8PtXr42OrTPaoC3E8
2qV7axHq9Jk7QqFcB3f05A,0vBDEQ1aLZpe4zgn2fPH6Z
2qV7axHq9Jk7QqFcB3f05A,4AksvCnkZaQoTu1nJr62Db
2qV7axHq9Jk7QqFcB3f05A,1dekSPU23UC5hw5b8Uxk9W
2qV7axHq9Jk7QqFcB3f05A,6C0JkmxU2cgkVzotHJgfW7
2qV7axHq9Jk7QqFcB3f05A,5vIOGcdmx1eIkq3ZtuS12U
2qV7axHq9Jk7QqFcB3f05A,0ZZr6Y49NZWRJc0uCwqpMR
2qV7axHq9Jk7QqFcB3f05A,3iejrAcqxYoVgyxp6zkWgs
2qV7axHq9Jk7QqFcB3f05A,0tYc0gVOzssZmLpVO6wh7L
2qV7axHq9Jk7QqFcB3f05A,2evydP72Z45DouM4uMGsIE
2qV7axHq9Jk7QqFcB3f05A,66nOkPJTFgK25NMmojG04V
2qV7axHq9Jk7QqFcB3f05A,4LlDtNr8qFwhrT8eL2wzH4
14Gi3Uph96lpNB3utkoVAD,0ZZr6Y49NZWRJc0uCwqpMR
14Gi3Uph96lpNB3utkoVAD,6C0JkmxU2cgkVzotHJgfW7
3TBfn8PtXr42OrTPaoC3E8,3MM8mtgFzaEJsqbjZBSsHJ
3TBfn8PtXr42OrTPaoC3E8,0ZZr6Y49NZWRJc0uCwqpMR
0vBDEQ1aLZpe4zgn2fPH6Z,0ZZr6Y49NZWRJc0uCwqpMR
0vBDEQ1aLZpe4zgn2fPH6Z,6C0JkmxU2cgkVzotHJgfW7
0vBDEQ1aLZpe4zgn2fPH6Z,3mbVe260Kgvs1P8YFcCyY7
0vBDEQ1aLZpe4zgn2fPH6Z,339DNkQkuhHKEcHw6oK8f0
0vBDEQ1aLZpe4zgn2fPH6Z,3iejrAcqxYoVgyxp6zkWgs
0vBDEQ1aLZpe4zgn2fPH6Z,7Lf3LOZp3U3u2f6cWMd3AH
0vBDEQ1aLZpe4zgn2fPH6Z,5vIOGcdmx1eIkq3ZtuS12U
0vBDEQ1aLZpe4zgn2fPH6Z,3s398TKZNahAURRacx7oIT
0vBDEQ1aLZpe4zgn2fPH6Z,1HGTHrRQkw0BtevSo1jucU
0vBDEQ1aLZpe4zgn2fPH6Z,5yBDILLJyNFAjFpECkk7ys
4AksvCnkZaQoTu1nJr62Db,0ZZr6Y49NZWRJc0uCwqpMR
4AksvCnkZaQoTu1nJr62Db,6C0JkmxU2cgkVzotHJgfW7
1dekSPU23UC5hw5b8Uxk9W,0ZZr6Y49NZWRJc0uCwqpMR
1dekSPU23UC5hw5b8Uxk9W,6C0JkmxU2cgkVzotHJgfW7
1dekSPU23UC5hw5b8Uxk9W,3mbVe260Kgvs1P8YFcCyY7
1dekSPU23UC5hw5b8Uxk9W,3iejrAcqxYoVgyxp6zkWgs
1dekSPU23UC5hw5b8Uxk9W,5vIOGcdmx1eIkq3ZtuS12U
6C0JkmxU2cgkVzotHJgfW7,0ZZr6Y49NZWRJc0uCwqpMR
6C0JkmxU2cgkVzotHJgfW7,74K7bX12L8GBAWvPuyIgJ7
6C0JkmxU2cgkVzotHJgfW7,0G8zjE6SsFTlbglCkU8pm3
6C0JkmxU2cgkVzotHJgfW7,1zrBQvkTNhFFby4V5UiK2L
6C0JkmxU2cgkVzotHJgfW7,0LVrQUinPUBFvVD5pLqmWY
6C0JkmxU2cgkVzotHJgfW7,0tYc0gVOzssZmLpVO6wh7L
6C0JkmxU2cgkVzotHJgfW7,2evydP72Z45DouM4uMGsIE
6C0JkmxU2cgkVzotHJgfW7,3iejrAcqxYoVgyxp6zkWgs
6C0JkmxU2cgkVzotHJgfW7,244fcyNSuyhbRlMGfMbYrO
6C0JkmxU2cgkVzotHJgfW7,766wIvoqqGrjRDnExOjJls
6C0JkmxU2cgkVzotHJgfW7,1xdB9gS1NrKEYgZUEfoqIw
6C0JkmxU2cgkVzotHJgfW7,66nOkPJTFgK25NMmojG04V
6C0JkmxU2cgkVzotHJgfW7,3mbVe260Kgvs1P8YFcCyY7
5vIOGcdmx1eIkq3ZtuS12U,0ZZr6Y49NZWRJc0uCwqpMR
5vIOGcdmx1eIkq3ZtuS12U,3mbVe260Kgvs1P8YFcCyY7
5vIOGcdmx1eIkq3ZtuS12U,339DNkQkuhHKEcHw6oK8f0
5vIOGcdmx1eIkq3ZtuS12U,3iejrAcqxYoVgyxp6zkWgs
5vIOGcdmx1eIkq3ZtuS12U,7Lf3LOZp3U3u2f6cWMd3AH
5vIOGcdmx1eIkq3ZtuS12U,66nOkPJTFgK25NMmojG04V
5vIOGcdmx1eIkq3ZtuS12U,74K7bX12L8GBAWvPuyIgJ7
5vIOGcdmx1eIkq3ZtuS12U,3s398TKZNahAURRacx7oIT
5vIOGcdmx1eIkq3ZtuS12U,66GWpx9iLxrvvfhDsG9STP
5vIOGcdmx1eIkq3ZtuS12U,6bGcpvHbRHg8s0wiNyIZK1
5vIOGcdmx1eIkq3ZtuS12U,2evydP72Z45DouM4uMGsIE
5vIOGcdmx1eIkq3ZtuS12U,67YNiSqhrx1P8oPvIIvbP5
5vIOGcdmx1eIkq3ZtuS12U,2uH0RyPcX7fnCcT90HFDQX
5vIOGcdmx1eIkq3ZtuS12U,1HGTHrRQkw0BtevSo1jucU
5vIOGcdmx1eIkq3ZtuS12U,147FGf3bdxV1L0mmVtgaJR
5vIOGcdmx1eIkq3ZtuS12U,47Z8LEl3LnQkcpva0xSthT
5vIOGcdmx1eIkq3ZtuS12U,5yBDILLJyNFAjFpECkk7ys
0ZZr6Y49NZWRJc0uCwqpMR,2evydP72Z45DouM4uMGsIE
0ZZr6Y49NZWRJc0uCwqpMR,1xdB9gS1NrKEYgZUEfoqIw
0ZZr6Y49NZWRJc0uCwqpMR,74K7bX12L8GBAWvPuyIgJ7
0ZZr6Y49NZWRJc0uCwqpMR,3iejrAcqxYoVgyxp6zkWgs
0ZZr6Y49NZWRJc0uCwqpMR,2uH0RyPcX7fnCcT90HFDQX
0ZZr6Y49NZWRJc0uCwqpMR,048FBwXjFYBWxSggPDipic
0ZZr6Y49NZWRJc0uCwqpMR,0LVrQUinPUBFvVD5pLqmWY
0ZZr6Y49NZWRJc0uCwqpMR,4Bgfzia8wyaGaTn42egzTv
3iejrAcqxYoVgyxp6zkWgs,3mbVe260Kgvs1P8YFcCyY7
3iejrAcqxYoVgyxp6zkWgs,339DNkQkuhHKEcHw6oK8f0
3iejrAcqxYoVgyxp6zkWgs,66nOkPJTFgK25NMmojG04V
3iejrAcqxYoVgyxp6zkWgs,0NbfEPYRgMczimdfM3skmH
3iejrAcqxYoVgyxp6zkWgs,1o7zIbVAgDDHKijLVuLASg
3iejrAcqxYoVgyxp6zkWgs,66GWpx9iLxrvvfhDsG9STP
3iejrAcqxYoVgyxp6zkWgs,74K7bX12L8GBAWvPuyIgJ7
3iejrAcqxYoVgyxp6zkWgs,6bEiU0j4lC3yh2D1kHzFpb
3iejrAcqxYoVgyxp6zkWgs,147FGf3bdxV1L0mmVtgaJR
3iejrAcqxYoVgyxp6zkWgs,5Rsu72e1qrjIUtxH6Zmy9K
3iejrAcqxYoVgyxp6zkWgs,7rqRuB0wgUaStDN73PlV4U
3iejrAcqxYoVgyxp6zkWgs,2evydP72Z45DouM4uMGsIE
3iejrAcqxYoVgyxp6zkWgs,3lN1TG4RIoaJCff6Ck9KUR
3iejrAcqxYoVgyxp6zkWgs,414ztMLgMt8KAC6Ap5IZtN
3iejrAcqxYoVgyxp6zkWgs,0Uo1d5A6BR1I155GlD9WYo
3iejrAcqxYoVgyxp6zkWgs,5OTjkVz0Cc9IuaQC3U1Pqq
3iejrAcqxYoVgyxp6zkWgs,67YNiSqhrx1P8oPvIIvbP5
3iejrAcqxYoVgyxp6zkWgs,7Lf3LOZp3U3u2f6cWMd3AH
3iejrAcqxYoVgyxp6zkWgs,3s398TKZNahAURRacx7oIT
3iejrAcqxYoVgyxp6zkWgs,1HGTHrRQkw0BtevSo1jucU
3iejrAcqxYoVgyxp6zkWgs,5yBDILLJyNFAjFpECkk7ys
2evydP72Z45DouM4uMGsIE,3mbVe260Kgvs1P8YFcCyY7
66nOkPJTFgK25NMmojG04V,3mbVe260Kgvs1P8YFcCyY7
66nOkPJTFgK25NMmojG04V,339DNkQkuhHKEcHw6oK8f0
66nOkPJTFgK25NMmojG04V,7Lf3LOZp3U3u2f6cWMd3AH
66nOkPJTFgK25NMmojG04V,3s398TKZNahAURRacx7oIT
66nOkPJTFgK25NMmojG04V,1HGTHrRQkw0BtevSo1jucU
35YNL4wwv11ZkmeWWL51y7,3pTE9iaJTkWns3mxpNQlJV
35YNL4wwv11ZkmeWWL51y7,3MM8mtgFzaEJsqbjZBSsHJ
166Dz1GX3xonSQ3Z6CQW26,3MM8mtgFzaEJsqbjZBSsHJ
3MM8mtgFzaEJsqbjZBSsHJ,3pTE9iaJTkWns3mxpNQlJV
3MM8mtgFzaEJsqbjZBSsHJ,1xU878Z1QtBldR7ru9owdU
3MM8mtgFzaEJsqbjZBSsHJ,048FBwXjFYBWxSggPDipic
3MM8mtgFzaEJsqbjZBSsHJ,6e9wIFWhBPHLE9bXK8gtBI
3MM8mtgFzaEJsqbjZBSsHJ,3WaJSfKnzc65VDgmj2zU8B
3MM8mtgFzaEJsqbjZBSsHJ,6FQqZYVfTNQ1pCqfkwVFEa
3MM8mtgFzaEJsqbjZBSsHJ,3TNt4aUIxgfy9aoaft5Jj2
3MM8mtgFzaEJsqbjZBSsHJ,4DToQR3aKrHQSSRzSz8Nzt
3MM8mtgFzaEJsqbjZBSsHJ,2bcrMsFlF632EQ6VZERWFu
3MM8mtgFzaEJsqbjZBSsHJ,6ssXMmc5EOUrauZxirM910
3MM8mtgFzaEJsqbjZBSsHJ,3HJIB8sYPyxrFGuwvKXSLR
3MM8mtgFzaEJsqbjZBSsHJ,0vW8z9pZMGCcRtGPGtyqiB
3MM8mtgFzaEJsqbjZBSsHJ,536BYVgOnRky0xjsPT96zl
3MM8mtgFzaEJsqbjZBSsHJ,2qk9voo8llSGYcZ6xrBzKx
3MM8mtgFzaEJsqbjZBSsHJ,3kjuyTCjPG1WMFCiyc5IuB
3mZqziCJj4pq3P2VBpmK6p,3pTE9iaJTkWns3mxpNQlJV
3mZqziCJj4pq3P2VBpmK6p,6FQqZYVfTNQ1pCqfkwVFEa
7EFB09NxZrMi9pGlOnuBpd,3WaJSfKnzc65VDgmj2zU8B
09K1H1DgyIXHsMx2j7KTFX,3pTE9iaJTkWns3mxpNQlJV
09K1H1DgyIXHsMx2j7KTFX,6FQqZYVfTNQ1pCqfkwVFEa
0vW8z9pZMGCcRtGPGtyqiB,3pTE9iaJTkWns3mxpNQlJV
0vW8z9pZMGCcRtGPGtyqiB,6FQqZYVfTNQ1pCqfkwVFEa
0vW8z9pZMGCcRtGPGtyqiB,0Ya43ZKWHTKkAbkoJJkwIB
6ssXMmc5EOUrauZxirM910,6FQqZYVfTNQ1pCqfkwVFEa
6ssXMmc5EOUrauZxirM910,18Zv2g2vUcEGqJf6WnjfXN
6ssXMmc5EOUrauZxirM910,3WaJSfKnzc65VDgmj2zU8B
6e9wIFWhBPHLE9bXK8gtBI,6FQqZYVfTNQ1pCqfkwVFEa
6e9wIFWhBPHLE9bXK8gtBI,18Zv2g2vUcEGqJf6WnjfXN
6e9wIFWhBPHLE9bXK8gtBI,3WaJSfKnzc65VDgmj2zU8B
339DNkQkuhHKEcHw6oK8f0,66GWpx9iLxrvvfhDsG9STP
339DNkQkuhHKEcHw6oK8f0,147FGf3bdxV1L0mmVtgaJR
339DNkQkuhHKEcHw6oK8f0,3lN1TG4RIoaJCff6Ck9KUR
339DNkQkuhHKEcHw6oK8f0,3s398TKZNahAURRacx7oIT
339DNkQkuhHKEcHw6oK8f0,3wury2nd8idV4GecUg5xze
339DNkQkuhHKEcHw6oK8f0,0Uo1d5A6BR1I155GlD9WYo
339DNkQkuhHKEcHw6oK8f0,47Z8LEl3LnQkcpva0xSthT
339DNkQkuhHKEcHw6oK8f0,3mbVe260Kgvs1P8YFcCyY7
339DNkQkuhHKEcHw6oK8f0,67YNiSqhrx1P8oPvIIvbP5
339DNkQkuhHKEcHw6oK8f0,5BEYGWk6aPdNXxBx9pwU8S
339DNkQkuhHKEcHw6oK8f0,0qLNsNKm8bQcMoRFkR8Hmh
339DNkQkuhHKEcHw6oK8f0,7Lf3LOZp3U3u2f6cWMd3AH
339DNkQkuhHKEcHw6oK8f0,2P560DaOMNDUACoH8ZhOCR
339DNkQkuhHKEcHw6oK8f0,2gv2g5svhtzsUQhtNZW7Xr
339DNkQkuhHKEcHw6oK8f0,1HGTHrRQkw0BtevSo1jucU
339DNkQkuhHKEcHw6oK8f0,5yBDILLJyNFAjFpECkk7ys
3wury2nd8idV4GecUg5xze,7Lf3LOZp3U3u2f6cWMd3AH
3wury2nd8idV4GecUg5xze,3s398TKZNahAURRacx7oIT
2uH0RyPcX7fnCcT90HFDQX,7Lf3LOZp3U3u2f6cWMd3AH
2uH0RyPcX7fnCcT90HFDQX,1HGTHrRQkw0BtevSo1jucU
66GWpx9iLxrvvfhDsG9STP,3mbVe260Kgvs1P8YFcCyY7
66GWpx9iLxrvvfhDsG9STP,7Lf3LOZp3U3u2f6cWMd3AH
66GWpx9iLxrvvfhDsG9STP,3s398TKZNahAURRacx7oIT
66GWpx9iLxrvvfhDsG9STP,1HGTHrRQkw0BtevSo1jucU
66GWpx9iLxrvvfhDsG9STP,5yBDILLJyNFAjFpECkk7ys
47Z8LEl3LnQkcpva0xSthT,7Lf3LOZp3U3u2f6cWMd3AH
47Z8LEl3LnQkcpva0xSthT,3s398TKZNahAURRacx7oIT
47Z8LEl3LnQkcpva0xSthT,5yBDILLJyNFAjFpECkk7ys
3s398TKZNahAURRacx7oIT,3mbVe260Kgvs1P8YFcCyY7
3s398TKZNahAURRacx7oIT,7Lf3LOZp3U3u2f6cWMd3AH
3s398TKZNahAURRacx7oIT,147FGf3bdxV1L0mmVtgaJR
3s398TKZNahAURRacx7oIT,1HGTHrRQkw0BtevSo1jucU
3s398TKZNahAURRacx7oIT,5yBDILLJyNFAjFpECkk7ys
3s398TKZNahAURRacx7oIT,0LVrQUinPUBFvVD5pLqmWY
3s398TKZNahAURRacx7oIT,3lN1TG4RIoaJCff6Ck9KUR
3s398TKZNahAURRacx7oIT,74K7bX12L8GBAWvPuyIgJ7
4rjlerN21ygkIhmUv55irs,1nJvji2KIlWSseXRSlNYsC
4rjlerN21ygkIhmUv55irs,5UqTO8smerMvxHYA5xsXb6
4rjlerN21ygkIhmUv55irs,3G3Gdm0ZRAOxLrbyjfhii5
4rjlerN21ygkIhmUv55irs,72X6FHxaShda0XeQw3vbeF
4rjlerN21ygkIhmUv55irs,432R46LaYsJZV2Gmc4jUV5
4rjlerN21ygkIhmUv55irs,6zvul52xwTWzilBZl6BUbT
67YNiSqhrx1P8oPvIIvbP5,7Lf3LOZp3U3u2f6cWMd3AH
3mbVe260Kgvs1P8YFcCyY7,1o7zIbVAgDDHKijLVuLASg
3mbVe260Kgvs1P8YFcCyY7,147FGf3bdxV1L0mmVtgaJR
3mbVe260Kgvs1P8YFcCyY7,0NbfEPYRgMczimdfM3skmH
3mbVe260Kgvs1P8YFcCyY7,74K7bX12L8GBAWvPuyIgJ7
3mbVe260Kgvs1P8YFcCyY7,7rqRuB0wgUaStDN73PlV4U
3mbVe260Kgvs1P8YFcCyY7,6bEiU0j4lC3yh2D1kHzFpb
3mbVe260Kgvs1P8YFcCyY7,5OTjkVz0Cc9IuaQC3U1Pqq
3mbVe260Kgvs1P8YFcCyY7,3lN1TG4RIoaJCff6Ck9KUR
3mbVe260Kgvs1P8YFcCyY7,0BV7lpkyFTbzzML7DuUnpZ
3mbVe260Kgvs1P8YFcCyY7,6bGcpvHbRHg8s0wiNyIZK1
3mbVe260Kgvs1P8YFcCyY7,414ztMLgMt8KAC6Ap5IZtN
3mbVe260Kgvs1P8YFcCyY7,7Lf3LOZp3U3u2f6cWMd3AH
3mbVe260Kgvs1P8YFcCyY7,1HGTHrRQkw0BtevSo1jucU
3mbVe260Kgvs1P8YFcCyY7,5yBDILLJyNFAjFpECkk7ys
147FGf3bdxV1L0mmVtgaJR,7Lf3LOZp3U3u2f6cWMd3AH
3lN1TG4RIoaJCff6Ck9KUR,7Lf3LOZp3U3u2f6cWMd3AH
74K7bX12L8GBAWvPuyIgJ7,1HGTHrRQkw0BtevSo1jucU
5yBDILLJyNFAjFpECkk7ys,1HGTHrRQkw0BtevSo1jucU
5yBDILLJyNFAjFpECkk7ys,1VaY3AT6TiOIT7MQGvKMkQ
2Z7UcsdweVlRbAk5wH5fsf,1ctkBmvz80MGyi72Ix055S
2Z7UcsdweVlRbAk5wH5fsf,2qqZbV6smvvtohQOUgZqKa
2Z7UcsdweVlRbAk5wH5fsf,1Li0eIWeMeWcOOWpImcG9H
2Z7UcsdweVlRbAk5wH5fsf,1rAv1GhTQ2rmG94p9lU3rB
2Z7UcsdweVlRbAk5wH5fsf,07xbJ7SM1JopFtI1qXvSww
2Z7UcsdweVlRbAk5wH5fsf,3WaJSfKnzc65VDgmj2zU8B
2Z7UcsdweVlRbAk5wH5fsf,6FQqZYVfTNQ1pCqfkwVFEa
2Z7UcsdweVlRbAk5wH5fsf,4nUBBtLtzqZGpdiynTJbYJ
1ctkBmvz80MGyi72Ix055S,1rAv1GhTQ2rmG94p9lU3rB
1ctkBmvz80MGyi72Ix055S,2qqZbV6smvvtohQOUgZqKa
1ctkBmvz80MGyi72Ix055S,1Li0eIWeMeWcOOWpImcG9H
1ctkBmvz80MGyi72Ix055S,0p5axeJsbtTCXBrRVoKjwu
1ctkBmvz80MGyi72Ix055S,4hf3caW9H8uFwwbv5pFjcg
1ctkBmvz80MGyi72Ix055S,26T3LtbuGT1Fu9m0eRq5X3
1ctkBmvz80MGyi72Ix055S,3WaJSfKnzc65VDgmj2zU8B
1ctkBmvz80MGyi72Ix055S,07xbJ7SM1JopFtI1qXvSww
1ctkBmvz80MGyi72Ix055S,4nUBBtLtzqZGpdiynTJbYJ
22RISwgVJyZu9lpqAcv1F5,6hl5k4gLl1p3sjhHcb57t2
22RISwgVJyZu9lpqAcv1F5,6FQqZYVfTNQ1pCqfkwVFEa
22RISwgVJyZu9lpqAcv1F5,2xaAOVImG2O6lURwqperlD
22RISwgVJyZu9lpqAcv1F5,0Ya43ZKWHTKkAbkoJJkwIB
7DruTvBV7owt1aSAZHsU58,6hl5k4gLl1p3sjhHcb57t2
7DruTvBV7owt1aSAZHsU58,2xaAOVImG2O6lURwqperlD
7DruTvBV7owt1aSAZHsU58,0Ya43ZKWHTKkAbkoJJkwIB
6hl5k4gLl1p3sjhHcb57t2,3pTE9iaJTkWns3mxpNQlJV
6hl5k4gLl1p3sjhHcb57t2,4fgXfJCQnK6c44u4KzAtQP
6hl5k4gLl1p3sjhHcb57t2,52pNByiBWx6SVMMqqcCA74
6hl5k4gLl1p3sjhHcb57t2,1ShwUjKIwQRaUJij7jgRhp
6hl5k4gLl1p3sjhHcb57t2,45FqwUG4hTT6d39r2HUsUe
6hl5k4gLl1p3sjhHcb57t2,7243txmysJ4KbRmH8UAMKO
6hl5k4gLl1p3sjhHcb57t2,5YA1c6yVkPnflTLMfOgjzc
6hl5k4gLl1p3sjhHcb57t2,7jZycSvTyx0W9poD4PjEIG
6hl5k4gLl1p3sjhHcb57t2,4SrofCfzlhtiKRAsMfBxV4
6hl5k4gLl1p3sjhHcb57t2,4hfrzKkUsrb3Cz209SKxbo
6hl5k4gLl1p3sjhHcb57t2,5CMAV0Fr8uS2YqlR1ZG5lA
6hl5k4gLl1p3sjhHcb57t2,2xaAOVImG2O6lURwqperlD
6hl5k4gLl1p3sjhHcb57t2,2O9XW1nnGRMkMV1wpK8IiS
6hl5k4gLl1p3sjhHcb57t2,3E3NOIlw2s1ZPU9GRB9jaq
6hl5k4gLl1p3sjhHcb57t2,4AzAfQNuAyKOFG4DZMsdAo
6hl5k4gLl1p3sjhHcb57t2,7MkyChCSbNBozQ6jq79lop
6hl5k4gLl1p3sjhHcb57t2,4Xxkt0tSJr1uNxGDZcJLRc
6hl5k4gLl1p3sjhHcb57t2,0Ya43ZKWHTKkAbkoJJkwIB
6hl5k4gLl1p3sjhHcb57t2,6FQqZYVfTNQ1pCqfkwVFEa
6hl5k4gLl1p3sjhHcb57t2,536BYVgOnRky0xjsPT96zl
4fgXfJCQnK6c44u4KzAtQP,2xaAOVImG2O6lURwqperlD
4fgXfJCQnK6c44u4KzAtQP,0Ya43ZKWHTKkAbkoJJkwIB
4DToQR3aKrHQSSRzSz8Nzt,3WaJSfKnzc65VDgmj2zU8B
2kZFz0oADF6cgGnqURtvNb,1tcrgTKBUpGVRGnPz4breO
2kZFz0oADF6cgGnqURtvNb,6ckq60ZYOQgb3qpcBIWt1E
2kZFz0oADF6cgGnqURtvNb,0ghRTkV2iiiNnfQPOSPe9R
2kZFz0oADF6cgGnqURtvNb,54T3fmk25giTpL4mBmqIHy
2kZFz0oADF6cgGnqURtvNb,4uPWvwgl5qwMLqyUSZPhnv
2kZFz0oADF6cgGnqURtvNb,5LDGgIxaWuRV4KlY6oob6b
2kZFz0oADF6cgGnqURtvNb,6OTqwzePF081l2Oz9PEku8
2kZFz0oADF6cgGnqURtvNb,553eIV3aSzE17cxgVVG7o6
2kZFz0oADF6cgGnqURtvNb,0er4R5wQIjww94ziq9YcBf
2kZFz0oADF6cgGnqURtvNb,1k0jnWb55QS6FjTU9LzMhi
2kZFz0oADF6cgGnqURtvNb,2EEEbwWWWtDaYvAw84a7N2
2kZFz0oADF6cgGnqURtvNb,4C2Ql0yYOdgv6yYiWfJ7jd
2kZFz0oADF6cgGnqURtvNb,6dhqzgrbFggOBns03STnU3
2kZFz0oADF6cgGnqURtvNb,2Ym9WvIrSd6TCZZgqacWWn
2kZFz0oADF6cgGnqURtvNb,3Oc3JnQKIW7ZNPXS0yf6QV
2kZFz0oADF6cgGnqURtvNb,3xdRLrB6lz0WEh66MUt98U
2kZFz0oADF6cgGnqURtvNb,4Kp5aJmd0eGvJFHSeyjwVB
2kZFz0oADF6cgGnqURtvNb,3YDtlBGmfvE2Xw0avhHeK5
2kZFz0oADF6cgGnqURtvNb,2qvK5iLLoDV5mJeAvh5uka
2kZFz0oADF6cgGnqURtvNb,6kHWyrEP6fus2LKJU5BNZg
0Ya43ZKWHTKkAbkoJJkwIB,3pTE9iaJTkWns3mxpNQlJV
0Ya43ZKWHTKkAbkoJJkwIB,2xaAOVImG2O6lURwqperlD
0Ya43ZKWHTKkAbkoJJkwIB,536BYVgOnRky0xjsPT96zl
0Ya43ZKWHTKkAbkoJJkwIB,7jZycSvTyx0W9poD4PjEIG
0Ya43ZKWHTKkAbkoJJkwIB,45FqwUG4hTT6d39r2HUsUe
0Ya43ZKWHTKkAbkoJJkwIB,04Ye3owBSFJF5hnYWHtq9Q
0Ya43ZKWHTKkAbkoJJkwIB,6FQqZYVfTNQ1pCqfkwVFEa
0Ya43ZKWHTKkAbkoJJkwIB,1ShwUjKIwQRaUJij7jgRhp
3pTE9iaJTkWns3mxpNQlJV,6FQqZYVfTNQ1pCqfkwVFEa
3pTE9iaJTkWns3mxpNQlJV,1HOeqtP7tHkKNJNLzQ2tnr
3pTE9iaJTkWns3mxpNQlJV,536BYVgOnRky0xjsPT96zl
3pTE9iaJTkWns3mxpNQlJV,75dQReiBOHN37fQgWQrIAJ
3pTE9iaJTkWns3mxpNQlJV,7cfhZmKaLWzNLwHDxzugUH
3pTE9iaJTkWns3mxpNQlJV,0aeLcja6hKzb7Uz2ou7ulP
3pTE9iaJTkWns3mxpNQlJV,4W48hZAnAHVOC2c8WH8pcq
3pTE9iaJTkWns3mxpNQlJV,5BvJzeQpmsdsFp4HGUYUEx
3pTE9iaJTkWns3mxpNQlJV,2Jv5eshHtLycR6R8KQCdc4
3pTE9iaJTkWns3mxpNQlJV,7gjAu1qr5C2grXeQFFOGeh
3pTE9iaJTkWns3mxpNQlJV,1xU878Z1QtBldR7ru9owdU
4SrofCfzlhtiKRAsMfBxV4,2xaAOVImG2O6lURwqperlD
4AzAfQNuAyKOFG4DZMsdAo,2xaAOVImG2O6lURwqperlD
0WI8BqDOolPRIxJy1ZHleB,28XopU8Uw6D6Wl7rIgCVNE
0WI8BqDOolPRIxJy1ZHleB,4MzVKgTDdo0Kx76AynHtDJ
0WI8BqDOolPRIxJy1ZHleB,1WmFkdy2mHEoItVK2t7OL9
0WI8BqDOolPRIxJy1ZHleB,5BKEV71K0K8ZhTbNRVRAXR
0WI8BqDOolPRIxJy1ZHleB,1QpYiCxy3p5Wz7HtomBqHU
0WI8BqDOolPRIxJy1ZHleB,4hX5bnF8mzbfHS8v9uHOwk
0WI8BqDOolPRIxJy1ZHleB,45ez02u0CzZzTXmWJCiSCc
0WI8BqDOolPRIxJy1ZHleB,6NBTugXQTyoUtK5AK0tIm3
0WI8BqDOolPRIxJy1ZHleB,4mB7N1vqJYsBcvVMSEMltD
0WI8BqDOolPRIxJy1ZHleB,5byg90wTxATnhB6kK253DF
0WI8BqDOolPRIxJy1ZHleB,1SPkKp6zKlXjB6oiWZI04b
0WI8BqDOolPRIxJy1ZHleB,1j55zNwCQ3jhbNsnmrOrwr
0WI8BqDOolPRIxJy1ZHleB,4yMIEw1F5ALRIv7bZz0jid
0WI8BqDOolPRIxJy1ZHleB,271JhHWMjcrOcExyEO92Hj
0WI8BqDOolPRIxJy1ZHleB,7xrxYdkeO8JiGJ5Goiwh7J
0WI8BqDOolPRIxJy1ZHleB,04zBcnoPvgI18ke2VEoFqr
0WI8BqDOolPRIxJy1ZHleB,532HqXyMwz9IIzs19qgtDW
0WI8BqDOolPRIxJy1ZHleB,5gFZo6Oh5WehnbEj0XtxiF
0WI8BqDOolPRIxJy1ZHleB,6Gnk08ItppARKX1z1EW3Vn
0WI8BqDOolPRIxJy1ZHleB,6ifZyHLaUfu3ViOaGfz8fk
0LVrQUinPUBFvVD5pLqmWY,1HGTHrRQkw0BtevSo1jucU
536BYVgOnRky0xjsPT96zl,1xU878Z1QtBldR7ru9owdU
536BYVgOnRky0xjsPT96zl,6FQqZYVfTNQ1pCqfkwVFEa
536BYVgOnRky0xjsPT96zl,2xaAOVImG2O6lURwqperlD
536BYVgOnRky0xjsPT96zl,7gjAu1qr5C2grXeQFFOGeh
536BYVgOnRky0xjsPT96zl,5BvJzeQpmsdsFp4HGUYUEx
536BYVgOnRky0xjsPT96zl,7gP3bB2nilZXLfPHJhMdvc
536BYVgOnRky0xjsPT96zl,3kVUvbeRdcrqQ3oHk5hPdx
536BYVgOnRky0xjsPT96zl,0SwO7SWeDHJijQ3XNS7xEE
536BYVgOnRky0xjsPT96zl,4W48hZAnAHVOC2c8WH8pcq
536BYVgOnRky0xjsPT96zl,4j56EQDQu5XnL7R3E9iFJT
536BYVgOnRky0xjsPT96zl,4l1cKWYW591xnwEGxpUg3J
536BYVgOnRky0xjsPT96zl,0oeUpvxWsC8bWS6SnpU8b9
536BYVgOnRky0xjsPT96zl,67hb7towEyKvt5Z8Bx306c
2xaAOVImG2O6lURwqperlD,7jZycSvTyx0W9poD4PjEIG
2xaAOVImG2O6lURwqperlD,45FqwUG4hTT6d39r2HUsUe
2xaAOVImG2O6lURwqperlD,6zlR5ttMfMNmwf2lecU9Cc
2xaAOVImG2O6lURwqperlD,1ShwUjKIwQRaUJij7jgRhp
2xaAOVImG2O6lURwqperlD,7243txmysJ4KbRmH8UAMKO
2xaAOVImG2O6lURwqperlD,1iUTUix5kea176M0uJTsh4
2xaAOVImG2O6lURwqperlD,52pNByiBWx6SVMMqqcCA74
2xaAOVImG2O6lURwqperlD,2D4FOOOtWycb3Aw9nY5n3c
6FQqZYVfTNQ1pCqfkwVFEa,1xU878Z1QtBldR7ru9owdU
6FQqZYVfTNQ1pCqfkwVFEa,1HOeqtP7tHkKNJNLzQ2tnr
6FQqZYVfTNQ1pCqfkwVFEa,54QMjE4toDfiCryzYWCpXX
6FQqZYVfTNQ1pCqfkwVFEa,3kjuyTCjPG1WMFCiyc5IuB
6FQqZYVfTNQ1pCqfkwVFEa,37uLId6Z5ZXCx19vuruvv5
6FQqZYVfTNQ1pCqfkwVFEa,3WaJSfKnzc65VDgmj2zU8B
6FQqZYVfTNQ1pCqfkwVFEa,3btzEQD6sugImIHPMRgkwV
6FQqZYVfTNQ1pCqfkwVFEa,2qk9voo8llSGYcZ6xrBzKx
1xU878Z1QtBldR7ru9owdU,7gjAu1qr5C2grXeQFFOGeh
1xU878Z1QtBldR7ru9owdU,5BvJzeQpmsdsFp4HGUYUEx
1xU878Z1QtBldR7ru9owdU,6u11Qbko2N2hP4lTBYjX86
1xU878Z1QtBldR7ru9owdU,3kjuyTCjPG1WMFCiyc5IuB
1xU878Z1QtBldR7ru9owdU,0SwO7SWeDHJijQ3XNS7xEE
1xU878Z1QtBldR7ru9owdU,4l1cKWYW591xnwEGxpUg3J
1xU878Z1QtBldR7ru9owdU,54QMjE4toDfiCryzYWCpXX
1xU878Z1QtBldR7ru9owdU,4EENT7N7rCBwrddM3s0vFS
1xU878Z1QtBldR7ru9owdU,67hb7towEyKvt5Z8Bx306c
1xU878Z1QtBldR7ru9owdU,75dQReiBOHN37fQgWQrIAJ
1xU878Z1QtBldR7ru9owdU,1qcU8NabUQ5efQf8UGW6CV
1xU878Z1QtBldR7ru9owdU,4LG4Bs1Gadht7TCrMytQUO
1xU878Z1QtBldR7ru9owdU,2Jv5eshHtLycR6R8KQCdc4
1xU878Z1QtBldR7ru9owdU,3TNt4aUIxgfy9aoaft5Jj2
1xU878Z1QtBldR7ru9owdU,0oeUpvxWsC8bWS6SnpU8b9
1xU878Z1QtBldR7ru9owdU,4W48hZAnAHVOC2c8WH8pcq
5BvJzeQpmsdsFp4HGUYUEx,3kjuyTCjPG1WMFCiyc5IuB
2Jv5eshHtLycR6R8KQCdc4,3kjuyTCjPG1WMFCiyc5IuB
1rAv1GhTQ2rmG94p9lU3rB,18Zv2g2vUcEGqJf6WnjfXN
1rAv1GhTQ2rmG94p9lU3rB,3WaJSfKnzc65VDgmj2zU8B
1Li0eIWeMeWcOOWpImcG9H,3WaJSfKnzc65VDgmj2zU8B
3WaJSfKnzc65VDgmj2zU8B,18Zv2g2vUcEGqJf6WnjfXN
3WaJSfKnzc65VDgmj2zU8B,2qk9voo8llSGYcZ6xrBzKx
3WaJSfKnzc65VDgmj2zU8B,3kjuyTCjPG1WMFCiyc5IuB
3WaJSfKnzc65VDgmj2zU8B,3TNt4aUIxgfy9aoaft5Jj2
3WaJSfKnzc65VDgmj2zU8B,3HJIB8sYPyxrFGuwvKXSLR
3WaJSfKnzc65VDgmj2zU8B,432R46LaYsJZV2Gmc4jUV5
3WaJSfKnzc65VDgmj2zU8B,5UqTO8smerMvxHYA5xsXb6
3WaJSfKnzc65VDgmj2zU8B,5BYuBzqmTXwUDw2rYkwExr
3WaJSfKnzc65VDgmj2zU8B,066X20Nz7iquqkkCW6Jxy6
3WaJSfKnzc65VDgmj2zU8B,6h7Y3QR7IjzAD05Qw5QYO4
3WaJSfKnzc65VDgmj2zU8B,4CvTDPKA6W06DRfBnZKrau
3WaJSfKnzc65VDgmj2zU8B,6zvul52xwTWzilBZl6BUbT
3kjuyTCjPG1WMFCiyc5IuB,18Zv2g2vUcEGqJf6WnjfXN
3kjuyTCjPG1WMFCiyc5IuB,2qk9voo8llSGYcZ6xrBzKx
3kjuyTCjPG1WMFCiyc5IuB,066X20Nz7iquqkkCW6Jxy6
3kjuyTCjPG1WMFCiyc5IuB,2cCUtGK9sDU2EoElnk0GNB
3kjuyTCjPG1WMFCiyc5IuB,3TNt4aUIxgfy9aoaft5Jj2
3kjuyTCjPG1WMFCiyc5IuB,3HJIB8sYPyxrFGuwvKXSLR
3kjuyTCjPG1WMFCiyc5IuB,4LG4Bs1Gadht7TCrMytQUO
3kjuyTCjPG1WMFCiyc5IuB,16eRpMNXSQ15wuJoeqguaB
3kjuyTCjPG1WMFCiyc5IuB,7lOJ7WXyopaxri0dbOiZkd
3kjuyTCjPG1WMFCiyc5IuB,0K1q0nXQ8is36PzOKAMbNe
3kjuyTCjPG1WMFCiyc5IuB,37uLId6Z5ZXCx19vuruvv5
3kjuyTCjPG1WMFCiyc5IuB,6dgwEwnK0YtDfS9XhRwBTG
3kjuyTCjPG1WMFCiyc5IuB,4EVpmkEwrLYEg6jIsiPMIb
3kjuyTCjPG1WMFCiyc5IuB,6g0mn3tzAds6aVeUYRsryU
3kjuyTCjPG1WMFCiyc5IuB,3vbKDsSS70ZX9D2OcvbZmS
3kjuyTCjPG1WMFCiyc5IuB,1yAwtBaoHLEDWAnWR87hBT
6kXp61QMZFPcKMcRPqoiVj,4j7EVY3kuDwLPfD2jfC7LC
6kXp61QMZFPcKMcRPqoiVj,4UuoJfJ9UybJft7a8E6UHX
6kXp61QMZFPcKMcRPqoiVj,242iqFnwNhlidVBMI9GYKp
6kXp61QMZFPcKMcRPqoiVj,2PSiyldxmJze7xiqbz658m
6kXp61QMZFPcKMcRPqoiVj,6qXwLwTLdA44HYsA26vaNU
6kXp61QMZFPcKMcRPqoiVj,0jJNGWrpjGIHUdTTJiIYeB
6kXp61QMZFPcKMcRPqoiVj,7m60UAnbgFFNuJbmS6OxTk
6kXp61QMZFPcKMcRPqoiVj,02da1vDJ2hWqfK7aJL6SJm
6kXp61QMZFPcKMcRPqoiVj,6F3NW2aC9Sni1FH7QPSLvw
6kXp61QMZFPcKMcRPqoiVj,4e5V1Q2dKCzbLVMQ8qbTn6
6kXp61QMZFPcKMcRPqoiVj,3pHeBYl1yujXcZqqfF1UyQ
6kXp61QMZFPcKMcRPqoiVj,08ct2eZF5lUPdJpHwNKWof
6kXp61QMZFPcKMcRPqoiVj,6Hizgjo92FnMp8wGaRUNTn
6kXp61QMZFPcKMcRPqoiVj,1TqQi97nqeiuOJrIFv5Sw0
6kXp61QMZFPcKMcRPqoiVj,4W4gYpQ2AQq7US2HZS13Qw
6kXp61QMZFPcKMcRPqoiVj,694QW15WkebjcrWgQHzRYF
6kXp61QMZFPcKMcRPqoiVj,4Eqd24yS5YcxI8b6Xfuwr8
6kXp61QMZFPcKMcRPqoiVj,7FtVJzRtpQpU61nBwB7cKN
6kXp61QMZFPcKMcRPqoiVj,6TcnmlCSxihzWOQJ8k0rNS
6kXp61QMZFPcKMcRPqoiVj,0dEvJpkqhrcn64d3oI8v79
6kXp61QMZFPcKMcRPqoiVj,7FgMLbnZVrEnir95O0YujA
6kXp61QMZFPcKMcRPqoiVj,2sil8z5kiy4r76CRTXxBCA
4UuoJfJ9UybJft7a8E6UHX,7FgMLbnZVrEnir95O0YujA
4UuoJfJ9UybJft7a8E6UHX,2sil8z5kiy4r76CRTXxBCA
242iqFnwNhlidVBMI9GYKp,7FgMLbnZVrEnir95O0YujA
242iqFnwNhlidVBMI9GYKp,2sil8z5kiy4r76CRTXxBCA
2PSiyldxmJze7xiqbz658m,2sil8z5kiy4r76CRTXxBCA
0jJNGWrpjGIHUdTTJiIYeB,2sil8z5kiy4r76CRTXxBCA
7m60UAnbgFFNuJbmS6OxTk,7FgMLbnZVrEnir95O0YujA
6F3NW2aC9Sni1FH7QPSLvw,7FgMLbnZVrEnir95O0YujA
6F3NW2aC9Sni1FH7QPSLvw,5aMmmNxw4vgpc5XC6hK0zp
6F3NW2aC9Sni1FH7QPSLvw,5PokPZn11xzZXyXSfnvIM3
4e5V1Q2dKCzbLVMQ8qbTn6,2sil8z5kiy4r76CRTXxBCA
08ct2eZF5lUPdJpHwNKWof,7FgMLbnZVrEnir95O0YujA
08ct2eZF5lUPdJpHwNKWof,2sil8z5kiy4r76CRTXxBCA
6Hizgjo92FnMp8wGaRUNTn,7FgMLbnZVrEnir95O0YujA
6Hizgjo92FnMp8wGaRUNTn,5aMmmNxw4vgpc5XC6hK0zp
6Hizgjo92FnMp8wGaRUNTn,2sil8z5kiy4r76CRTXxBCA
6Hizgjo92FnMp8wGaRUNTn,5PokPZn11xzZXyXSfnvIM3
1TqQi97nqeiuOJrIFv5Sw0,7FgMLbnZVrEnir95O0YujA
1TqQi97nqeiuOJrIFv5Sw0,5aMmmNxw4vgpc5XC6hK0zp
1TqQi97nqeiuOJrIFv5Sw0,2sil8z5kiy4r76CRTXxBCA
1TqQi97nqeiuOJrIFv5Sw0,5PokPZn11xzZXyXSfnvIM3
4W4gYpQ2AQq7US2HZS13Qw,7FgMLbnZVrEnir95O0YujA
694QW15WkebjcrWgQHzRYF,2sil8z5kiy4r76CRTXxBCA
694QW15WkebjcrWgQHzRYF,3jOstUTkEu2JkjvRdBA5Gu
694QW15WkebjcrWgQHzRYF,40Yq4vzPs9VNUrIBG5Jr2i
4Eqd24yS5YcxI8b6Xfuwr8,2sil8z5kiy4r76CRTXxBCA
6TcnmlCSxihzWOQJ8k0rNS,7FgMLbnZVrEnir95O0YujA
6TcnmlCSxihzWOQJ8k0rNS,2sil8z5kiy4r76CRTXxBCA
6TcnmlCSxihzWOQJ8k0rNS,5PokPZn11xzZXyXSfnvIM3
6TcnmlCSxihzWOQJ8k0rNS,0zOcE3mg9nS6l3yxt1Y0bK
6TcnmlCSxihzWOQJ8k0rNS,3jOstUTkEu2JkjvRdBA5Gu
0dEvJpkqhrcn64d3oI8v79,7FgMLbnZVrEnir95O0YujA
0dEvJpkqhrcn64d3oI8v79,2sil8z5kiy4r76CRTXxBCA
4F84IBURUo98rz4r61KF70,2qk9voo8llSGYcZ6xrBzKx
4F84IBURUo98rz4r61KF70,3jOstUTkEu2JkjvRdBA5Gu
6zvul52xwTWzilBZl6BUbT,3jOstUTkEu2JkjvRdBA5Gu
6zvul52xwTWzilBZl6BUbT,5UqTO8smerMvxHYA5xsXb6
6zvul52xwTWzilBZl6BUbT,3nnQpaTvKb5jCQabZefACI
6zvul52xwTWzilBZl6BUbT,40Yq4vzPs9VNUrIBG5Jr2i
6zvul52xwTWzilBZl6BUbT,432R46LaYsJZV2Gmc4jUV5
6zvul52xwTWzilBZl6BUbT,7bu3H8JO7d0UbMoVzbo70s
6zvul52xwTWzilBZl6BUbT,3yY2gUcIsjMr8hjo51PoJ8
6zvul52xwTWzilBZl6BUbT,1xgFexIwrf2QjbU0buCNnp
6zvul52xwTWzilBZl6BUbT,0rpMdBzQXf7aYRnu5fDBJy
6zvul52xwTWzilBZl6BUbT,3inCNiUr4R6XQ3W43s9Aqi
6zvul52xwTWzilBZl6BUbT,267VY6GX5LyU5c9M85ECZQ
6zvul52xwTWzilBZl6BUbT,1nJvji2KIlWSseXRSlNYsC
6zvul52xwTWzilBZl6BUbT,3G3Gdm0ZRAOxLrbyjfhii5
6zvul52xwTWzilBZl6BUbT,62sC6lUEWRjbFqXpMmOk4G
6zvul52xwTWzilBZl6BUbT,16eRpMNXSQ15wuJoeqguaB
6zvul52xwTWzilBZl6BUbT,4BFMTELQyWJU1SwqcXMBm3
6zvul52xwTWzilBZl6BUbT,5SHQUMAmEK5KmuSb0aDvsn
6zvul52xwTWzilBZl6BUbT,3RGLhK1IP9jnYFH4BRFJBS
6zvul52xwTWzilBZl6BUbT,72X6FHxaShda0XeQw3vbeF
6zvul52xwTWzilBZl6BUbT,1n65zfwYIj5kKEtNgxUlWb
432R46LaYsJZV2Gmc4jUV5,1nJvji2KIlWSseXRSlNYsC
432R46LaYsJZV2Gmc4jUV5,7w29UYBi0qsHi5RTcv3lmA
432R46LaYsJZV2Gmc4jUV5,5UqTO8smerMvxHYA5xsXb6
432R46LaYsJZV2Gmc4jUV5,3nnQpaTvKb5jCQabZefACI
432R46LaYsJZV2Gmc4jUV5,0yNLKJebCb8Aueb54LYya3
432R46LaYsJZV2Gmc4jUV5,5N5tQ9Dx1h8Od7aRmGj7Fi
432R46LaYsJZV2Gmc4jUV5,0fgYKF9Avljex0L9Wt5b8Z
432R46LaYsJZV2Gmc4jUV5,1n65zfwYIj5kKEtNgxUlWb
432R46LaYsJZV2Gmc4jUV5,3iTsJGG39nMg9YiolUgLMQ
432R46LaYsJZV2Gmc4jUV5,3G3Gdm0ZRAOxLrbyjfhii5
432R46LaYsJZV2Gmc4jUV5,7bu3H8JO7d0UbMoVzbo70s
432R46LaYsJZV2Gmc4jUV5,5Wabl1lPdNOeIn0SQ5A1mp
432R46LaYsJZV2Gmc4jUV5,4BFMTELQyWJU1SwqcXMBm3
432R46LaYsJZV2Gmc4jUV5,0O0lrN34wrcuBenkqlEDZe
432R46LaYsJZV2Gmc4jUV5,0S7Zur2g8YhqlzqtlYStli
432R46LaYsJZV2Gmc4jUV5,0Zy4ncr8h1jd7Nzr9946fD
432R46LaYsJZV2Gmc4jUV5,70MMkLXtue3Edj3RJhJkYp
432R46LaYsJZV2Gmc4jUV5,3RGLhK1IP9jnYFH4BRFJBS
432R46LaYsJZV2Gmc4jUV5,72X6FHxaShda0XeQw3vbeF
432R46LaYsJZV2Gmc4jUV5,3yY2gUcIsjMr8hjo51PoJ8
3yY2gUcIsjMr8hjo51PoJ8,6Ghvu1VvMGScGpOUJBAHNH
3yY2gUcIsjMr8hjo51PoJ8,7bu3H8JO7d0UbMoVzbo70s
3yY2gUcIsjMr8hjo51PoJ8,3iTsJGG39nMg9YiolUgLMQ
3yY2gUcIsjMr8hjo51PoJ8,72X6FHxaShda0XeQw3vbeF
3yY2gUcIsjMr8hjo51PoJ8,0yNLKJebCb8Aueb54LYya3
3yY2gUcIsjMr8hjo51PoJ8,3G3Gdm0ZRAOxLrbyjfhii5
3yY2gUcIsjMr8hjo51PoJ8,5Wabl1lPdNOeIn0SQ5A1mp
3yY2gUcIsjMr8hjo51PoJ8,0fgYKF9Avljex0L9Wt5b8Z
3yY2gUcIsjMr8hjo51PoJ8,6lcwlkAjBPSKnFBZjjZFJs
3yY2gUcIsjMr8hjo51PoJ8,1n65zfwYIj5kKEtNgxUlWb
3yY2gUcIsjMr8hjo51PoJ8,5UqTO8smerMvxHYA5xsXb6
3yY2gUcIsjMr8hjo51PoJ8,37w38cCSGgKLdayTRjna4W
3yY2gUcIsjMr8hjo51PoJ8,1nJvji2KIlWSseXRSlNYsC
3yY2gUcIsjMr8hjo51PoJ8,3Sz7ZnJQBIHsXLUSo0OQtM
3yY2gUcIsjMr8hjo51PoJ8,5AyEXCtu3xnnsTGCo4RVZh
3yY2gUcIsjMr8hjo51PoJ8,0m5FakHKCQdA7UN0PIzMcL
0zOcE3mg9nS6l3yxt1Y0bK,3AQRLZ9PuTAozP28Skbq8V
0zOcE3mg9nS6l3yxt1Y0bK,7KMqksf0UMdyA0UCf4R3ux
0zOcE3mg9nS6l3yxt1Y0bK,5aMmmNxw4vgpc5XC6hK0zp
0zOcE3mg9nS6l3yxt1Y0bK,5PokPZn11xzZXyXSfnvIM3
0zOcE3mg9nS6l3yxt1Y0bK,2sil8z5kiy4r76CRTXxBCA
0zOcE3mg9nS6l3yxt1Y0bK,7FgMLbnZVrEnir95O0YujA
0zOcE3mg9nS6l3yxt1Y0bK,1g1yxsNVPhMUl9GrMjEb2o
0zOcE3mg9nS6l3yxt1Y0bK,3FUY2gzHeIiaesXtOAdB7A
0zOcE3mg9nS6l3yxt1Y0bK,3Ngh2zDBRPEriyxQDAMKd1
0zOcE3mg9nS6l3yxt1Y0bK,5P5FTygHyx2G57oszR3Wot
0zOcE3mg9nS6l3yxt1Y0bK,3aBkeBhwadnWMWoVJ2CxJC
0zOcE3mg9nS6l3yxt1Y0bK,5DYAABs8rkY9VhwtENoQCz
0zOcE3mg9nS6l3yxt1Y0bK,0ekbDNE2eOq8QiaXM34wer
0zOcE3mg9nS6l3yxt1Y0bK,3vAaWhdBR38Q02ohXqaNHT
0zOcE3mg9nS6l3yxt1Y0bK,2PCUhxD40qlMqsKHjTZD2e
0zOcE3mg9nS6l3yxt1Y0bK,61YE3whKiuRr83j1yOm5M7
0zOcE3mg9nS6l3yxt1Y0bK,2RTUTCvo6onsAnheUk3aL9
0zOcE3mg9nS6l3yxt1Y0bK,0RpddSzUHfncUWNJXKOsjy
0zOcE3mg9nS6l3yxt1Y0bK,2MqhkhX4npxDZ62ObR5ELO
5PokPZn11xzZXyXSfnvIM3,7FgMLbnZVrEnir95O0YujA
5PokPZn11xzZXyXSfnvIM3,3AQRLZ9PuTAozP28Skbq8V
5PokPZn11xzZXyXSfnvIM3,7KMqksf0UMdyA0UCf4R3ux
5PokPZn11xzZXyXSfnvIM3,5aMmmNxw4vgpc5XC6hK0zp
5PokPZn11xzZXyXSfnvIM3,2sil8z5kiy4r76CRTXxBCA
5PokPZn11xzZXyXSfnvIM3,5P5FTygHyx2G57oszR3Wot
5PokPZn11xzZXyXSfnvIM3,0L6Gwm0JDrgIQJfjarWSUR
5PokPZn11xzZXyXSfnvIM3,3aBkeBhwadnWMWoVJ2CxJC
5PokPZn11xzZXyXSfnvIM3,3Ngh2zDBRPEriyxQDAMKd1
5PokPZn11xzZXyXSfnvIM3,0ekbDNE2eOq8QiaXM34wer
5PokPZn11xzZXyXSfnvIM3,6BMhCQJYHxxKAeqYS1p5rY
5PokPZn11xzZXyXSfnvIM3,2RTUTCvo6onsAnheUk3aL9
5PokPZn11xzZXyXSfnvIM3,4SQxI8xg6LcSWL3KuGVHLa
5PokPZn11xzZXyXSfnvIM3,2MqhkhX4npxDZ62ObR5ELO
5PokPZn11xzZXyXSfnvIM3,4uN3DsfENc7dp0OLO0FEIb
5PokPZn11xzZXyXSfnvIM3,43sZBwHjahUvgbx1WNIkIz
5PokPZn11xzZXyXSfnvIM3,2AVVj8ezW2mJ0v8u7XydiF
2sil8z5kiy4r76CRTXxBCA,7FgMLbnZVrEnir95O0YujA
2sil8z5kiy4r76CRTXxBCA,3AQRLZ9PuTAozP28Skbq8V
2sil8z5kiy4r76CRTXxBCA,5aMmmNxw4vgpc5XC6hK0zp
2sil8z5kiy4r76CRTXxBCA,3Ngh2zDBRPEriyxQDAMKd1
2sil8z5kiy4r76CRTXxBCA,3aBkeBhwadnWMWoVJ2CxJC
2sil8z5kiy4r76CRTXxBCA,0vEsuISMWAKNctLlUAhSZC
2sil8z5kiy4r76CRTXxBCA,4uN3DsfENc7dp0OLO0FEIb
2qk9voo8llSGYcZ6xrBzKx,18Zv2g2vUcEGqJf6WnjfXN
2qk9voo8llSGYcZ6xrBzKx,7mnBLXK823vNxN3UWB7Gfz
2qk9voo8llSGYcZ6xrBzKx,3gd8FJtBJtkRxdfbTu19U2
2qk9voo8llSGYcZ6xrBzKx,4pejUc4iciQfgdX6OKulQn
2qk9voo8llSGYcZ6xrBzKx,7jy3rLJdDQY21OgRLCZ9sD
2qk9voo8llSGYcZ6xrBzKx,12Chz98pHFMPJEknJQMWvI
5aMmmNxw4vgpc5XC6hK0zp,7FgMLbnZVrEnir95O0YujA
5aMmmNxw4vgpc5XC6hK0zp,3AQRLZ9PuTAozP28Skbq8V
5aMmmNxw4vgpc5XC6hK0zp,7KMqksf0UMdyA0UCf4R3ux
5aMmmNxw4vgpc5XC6hK0zp,6QEAuf6FEo9WJ3sm2vpJ5m
5aMmmNxw4vgpc5XC6hK0zp,0L6Gwm0JDrgIQJfjarWSUR
5aMmmNxw4vgpc5XC6hK0zp,0ekbDNE2eOq8QiaXM34wer
5aMmmNxw4vgpc5XC6hK0zp,4SQxI8xg6LcSWL3KuGVHLa
5aMmmNxw4vgpc5XC6hK0zp,3aBkeBhwadnWMWoVJ2CxJC
5aMmmNxw4vgpc5XC6hK0zp,5P5FTygHyx2G57oszR3Wot
5aMmmNxw4vgpc5XC6hK0zp,2MqhkhX4npxDZ62ObR5ELO
5aMmmNxw4vgpc5XC6hK0zp,3Ngh2zDBRPEriyxQDAMKd1
5aMmmNxw4vgpc5XC6hK0zp,306JHpIRGVaQd6OltnOzUO
5aMmmNxw4vgpc5XC6hK0zp,43sZBwHjahUvgbx1WNIkIz
5aMmmNxw4vgpc5XC6hK0zp,2RTUTCvo6onsAnheUk3aL9
5aMmmNxw4vgpc5XC6hK0zp,6BMhCQJYHxxKAeqYS1p5rY
5aMmmNxw4vgpc5XC6hK0zp,4uN3DsfENc7dp0OLO0FEIb
7KMqksf0UMdyA0UCf4R3ux,3LpLGlgRS1IKPPwElnpW35
7KMqksf0UMdyA0UCf4R3ux,7xTcuBOIAAIGDOSvwYFPzk
7KMqksf0UMdyA0UCf4R3ux,2HcwFjNelS49kFbfvMxQYw
7KMqksf0UMdyA0UCf4R3ux,0gadJ2b9A4SKsB1RFkBb66
7KMqksf0UMdyA0UCf4R3ux,4phGZZrJZRo4ElhRtViYdl
7KMqksf0UMdyA0UCf4R3ux,3nlHsNqwCSvT988ZfSW1Yh
7KMqksf0UMdyA0UCf4R3ux,2mpeljBig2IXLXRAFO9AAs
7KMqksf0UMdyA0UCf4R3ux,1XgFuvRd7r5g0h844A5ZUQ
7KMqksf0UMdyA0UCf4R3ux,3AQRLZ9PuTAozP28Skbq8V
7KMqksf0UMdyA0UCf4R3ux,4EzkuveR9pLvDVFNx6foYD
7KMqksf0UMdyA0UCf4R3ux,3FUY2gzHeIiaesXtOAdB7A
7KMqksf0UMdyA0UCf4R3ux,0dlOr0VIysztGWvU1dpjmP
7KMqksf0UMdyA0UCf4R3ux,6aZyMrc4doVtZyKNilOmwu
7KMqksf0UMdyA0UCf4R3ux,3NRFinRTEqUCfaTTZmk8ek
7KMqksf0UMdyA0UCf4R3ux,5MmVJVhhYKQ86izuGHzJYA
1g1yxsNVPhMUl9GrMjEb2o,3AQRLZ9PuTAozP28Skbq8V
1g1yxsNVPhMUl9GrMjEb2o,3vAaWhdBR38Q02ohXqaNHT
1g1yxsNVPhMUl9GrMjEb2o,0vWCyXMrrvMlCcepuOJaGI
1g1yxsNVPhMUl9GrMjEb2o,7vXwfZyDp3spzIVNXDaTPN
1g1yxsNVPhMUl9GrMjEb2o,3ao3jf5d70Tf4fPh2bnXVl
1g1yxsNVPhMUl9GrMjEb2o,1SImpQO0GbjRgvlwCcCtFo
1g1yxsNVPhMUl9GrMjEb2o,5ND0mGcL9SKSjWIjPd0xIb
1g1yxsNVPhMUl9GrMjEb2o,6eouuqqGggqDlYRV63cgPo
1g1yxsNVPhMUl9GrMjEb2o,7AsPubxWM5tfW4hTZEL3aP
1g1yxsNVPhMUl9GrMjEb2o,5aYyPjAsLj7UzANzdupwnS
1g1yxsNVPhMUl9GrMjEb2o,0FWzNDaEu9jdgcYTbcOa4F
1g1yxsNVPhMUl9GrMjEb2o,3zxKH0qp3nBCuPZCZT5Vaf
1g1yxsNVPhMUl9GrMjEb2o,3Ayl7mCk0nScecqOzvNp6s
1g1yxsNVPhMUl9GrMjEb2o,01lz5VBfkMFDteSA9pKJuP
1g1yxsNVPhMUl9GrMjEb2o,0RpddSzUHfncUWNJXKOsjy
1g1yxsNVPhMUl9GrMjEb2o,6jTnHxhb6cDCaCu4rdvsQ0
1g1yxsNVPhMUl9GrMjEb2o,2aYJ5LAta2ScCdfLhKgZOY
1g1yxsNVPhMUl9GrMjEb2o,2eRJjYEaWyGZbOBGYFLBoC
1g1yxsNVPhMUl9GrMjEb2o,2p4FqHnazRucYQHyDCdBrJ
1g1yxsNVPhMUl9GrMjEb2o,46gyXjRIvN1NL1eCB8GBxo
1g1yxsNVPhMUl9GrMjEb2o,3WfJ1OtrWI7RViX9DMyEGy
18Zv2g2vUcEGqJf6WnjfXN,2QLe6Hv3OunsyrNaTRDxQn
18Zv2g2vUcEGqJf6WnjfXN,6YlvjoI4Xttgv5A0xbpmEw
18Zv2g2vUcEGqJf6WnjfXN,1HGTHrRQkw0BtevSo1jucU
3AQRLZ9PuTAozP28Skbq8V,3FUY2gzHeIiaesXtOAdB7A
3AQRLZ9PuTAozP28Skbq8V,5Pwc4xIPtQLFEnJriah9YJ
3AQRLZ9PuTAozP28Skbq8V,07QEuhtrNmmZ0zEcqE9SF6
3AQRLZ9PuTAozP28Skbq8V,7FgMLbnZVrEnir95O0YujA
3AQRLZ9PuTAozP28Skbq8V,3whuHq0yGx60atvA2RCVRW
3AQRLZ9PuTAozP28Skbq8V,2NhdGz9EDv2FeUw6udu2g1
3AQRLZ9PuTAozP28Skbq8V,2PCUhxD40qlMqsKHjTZD2e
3AQRLZ9PuTAozP28Skbq8V,4phGZZrJZRo4ElhRtViYdl
3AQRLZ9PuTAozP28Skbq8V,7EQ0qTo7fWT7DPxmxtSYEc
3AQRLZ9PuTAozP28Skbq8V,5DYAABs8rkY9VhwtENoQCz
3AQRLZ9PuTAozP28Skbq8V,3LpLGlgRS1IKPPwElnpW35
3AQRLZ9PuTAozP28Skbq8V,5P5FTygHyx2G57oszR3Wot
3AQRLZ9PuTAozP28Skbq8V,4BxCuXFJrSWGi1KHcVqaU4
3AQRLZ9PuTAozP28Skbq8V,4EzkuveR9pLvDVFNx6foYD
7FgMLbnZVrEnir95O0YujA,0L6Gwm0JDrgIQJfjarWSUR
7FgMLbnZVrEnir95O0YujA,0ekbDNE2eOq8QiaXM34wer
7FgMLbnZVrEnir95O0YujA,3aBkeBhwadnWMWoVJ2CxJC
7FgMLbnZVrEnir95O0YujA,3Ngh2zDBRPEriyxQDAMKd1
7FgMLbnZVrEnir95O0YujA,4uN3DsfENc7dp0OLO0FEIb
7FgMLbnZVrEnir95O0YujA,4SQxI8xg6LcSWL3KuGVHLa
6JL8zeS1NmiOftqZTRgdTz,1l8Fu6IkuTP0U5QetQJ5Xt
6JL8zeS1NmiOftqZTRgdTz,3e7awlrlDSwF3iM0WBjGMp
6JL8zeS1NmiOftqZTRgdTz,2gsggkzM5R49q6jpPvazou
6JL8zeS1NmiOftqZTRgdTz,64M6ah0SkkRsnPGtGiRAbb
6JL8zeS1NmiOftqZTRgdTz,6S2OmqARrzebs0tKUEyXyp
6JL8zeS1NmiOftqZTRgdTz,3BmGtnKgCSGYIUhmivXKWX
6JL8zeS1NmiOftqZTRgdTz,4Rxn7Im3LGfyRkY2FlHhWi
6JL8zeS1NmiOftqZTRgdTz,6sCbFbEjbYepqswM1vWjjs
6JL8zeS1NmiOftqZTRgdTz,1zNqDE7qDGCsyzJwohVaoX
6JL8zeS1NmiOftqZTRgdTz,6LqNN22kT3074XbTVUrhzX
6JL8zeS1NmiOftqZTRgdTz,5p7f24Rk5HkUZsaS3BLG5F
6JL8zeS1NmiOftqZTRgdTz,2wUjUUtkb5lvLKcGKsKqsR
6JL8zeS1NmiOftqZTRgdTz,5yG7ZAZafVaAlMTeBybKAL
6JL8zeS1NmiOftqZTRgdTz,6jJ0s89eD6GaHleKKya26X
6JL8zeS1NmiOftqZTRgdTz,5CCwRZC6euC8Odo6y9X8jr
6JL8zeS1NmiOftqZTRgdTz,1Xylc3o4UrD53lo9CvFvVg
6JL8zeS1NmiOftqZTRgdTz,7gOdHgIoIKoe4i9Tta6qdD
6JL8zeS1NmiOftqZTRgdTz,1l7ZsJRRS8wlW3WfJfPfNS
6JL8zeS1NmiOftqZTRgdTz,26dSoYclwsYLMAKD3tpOr4
6JL8zeS1NmiOftqZTRgdTz,4nDoRrQiYLoBzwC5BhVJzF
1HGTHrRQkw0BtevSo1jucU,7Lf3LOZp3U3u2f6cWMd3AH
1HGTHrRQkw0BtevSo1jucU,0G8zjE6SsFTlbglCkU8pm3
3Ayl7mCk0nScecqOzvNp6s,3jOstUTkEu2JkjvRdBA5Gu
4pejUc4iciQfgdX6OKulQn,40Yq4vzPs9VNUrIBG5Jr2i
0Y5tJX1MQlPlqiwlOH1tJY,0iEtIxbK0KxaSlF7G42ZOp
0Y5tJX1MQlPlqiwlOH1tJY,1URnnhqYAYcrqrcwql10ft
0Y5tJX1MQlPlqiwlOH1tJY,699OTQXzgjhIYAHMy9RyPD
0Y5tJX1MQlPlqiwlOH1tJY,1RyvyyTE3xzB2ZywiAwp0i
0Y5tJX1MQlPlqiwlOH1tJY,4Gso3d4CscCijv0lmajZWs
0Y5tJX1MQlPlqiwlOH1tJY,4O15NlyKLIASxsJ0PrXPfz
0Y5tJX1MQlPlqiwlOH1tJY,13ubrt8QOOCPljQ2FL1Kca
0Y5tJX1MQlPlqiwlOH1tJY,50co4Is1HCEo8bhOyUWKpn
0Y5tJX1MQlPlqiwlOH1tJY,2hlmm7s2ICUX0LVIhVFlZQ
0Y5tJX1MQlPlqiwlOH1tJY,4DdkRBBYG6Yk9Ka8tdJ9BW
0Y5tJX1MQlPlqiwlOH1tJY,6icQOAFXDZKsumw3YXyusw
0Y5tJX1MQlPlqiwlOH1tJY,5SXuuuRpukkTvsLuUknva1
0Y5tJX1MQlPlqiwlOH1tJY,5K4W6rqBFWDnAN6FQUkS6x
0Y5tJX1MQlPlqiwlOH1tJY,4Ga1P7PMIsmqEZqhYZQgDo
0Y5tJX1MQlPlqiwlOH1tJY,3qiHUAX7zY4Qnjx8TNUzVx
0Y5tJX1MQlPlqiwlOH1tJY,6Xgp2XMz1fhVYe7i6yNAax
0Y5tJX1MQlPlqiwlOH1tJY,2YZyLoL8N0Wb9xBt1NhZWg
0Y5tJX1MQlPlqiwlOH1tJY,6oMuImdp5ZcFhWP0ESe6mG
0Y5tJX1MQlPlqiwlOH1tJY,5f7VJjfbwm532GiveGC0ZK
0Y5tJX1MQlPlqiwlOH1tJY,0eDvMgVFoNV3TpwtrVCoTj
7Lf3LOZp3U3u2f6cWMd3AH,3loflELg7MzgrOyNqERolN
7Lf3LOZp3U3u2f6cWMd3AH,2P560DaOMNDUACoH8ZhOCR
7Lf3LOZp3U3u2f6cWMd3AH,77D38RDgCtlYNLpayStftL
7Lf3LOZp3U3u2f6cWMd3AH,2WRStKp4ihGVUzlzWfv1Qt
4oa7ETNZH1ivfzFkCGVZlR,7DyHP5H86MOuoReXuEzHYd
4oa7ETNZH1ivfzFkCGVZlR,1UIlMGFBSIAFckml8NylWm
4oa7ETNZH1ivfzFkCGVZlR,7oraQbXIkvzBmNLzjRVvCH
4oa7ETNZH1ivfzFkCGVZlR,41fjoh5NjJhlDHYIUb9Hsk
4oa7ETNZH1ivfzFkCGVZlR,5he1UTofdFOcdbKqnLixko
4oa7ETNZH1ivfzFkCGVZlR,7HUHsmvWREkN4l179tvpBe
4oa7ETNZH1ivfzFkCGVZlR,2rGEXX2PXml6YnjkgOlWwT
4oa7ETNZH1ivfzFkCGVZlR,1j8ByviDrUqlkF1HwZVhZ5
4oa7ETNZH1ivfzFkCGVZlR,1e5A3rWcqk9WfLjeg5T3dI
4oa7ETNZH1ivfzFkCGVZlR,2PLF4pjm6A5eztTVbt9ou4
4oa7ETNZH1ivfzFkCGVZlR,1Nkrp1KOmusy0yZw24twC5
4oa7ETNZH1ivfzFkCGVZlR,012whAEpADzsx3xHjT9nva
4oa7ETNZH1ivfzFkCGVZlR,33NrinbbEctw1wsdKNgZeZ
4oa7ETNZH1ivfzFkCGVZlR,4rOoJbjbSc9bNHPyHGdfbc
4oa7ETNZH1ivfzFkCGVZlR,794his67Os3txkJb7h5TzL
4oa7ETNZH1ivfzFkCGVZlR,7tt5q9c2cUFczKNK5pEbZb
4oa7ETNZH1ivfzFkCGVZlR,0cSC1GvvgLumHovn2rgSHj
4oa7ETNZH1ivfzFkCGVZlR,6lrgtZI2qTutbZMppO9NJd
4oa7ETNZH1ivfzFkCGVZlR,7gfkYbxpguEc9bm6m8TpAr
4oa7ETNZH1ivfzFkCGVZlR,0ozdcqmICsOZDe7eJQVzrp
7DyHP5H86MOuoReXuEzHYd,0ozdcqmICsOZDe7eJQVzrp
7DyHP5H86MOuoReXuEzHYd,7gfkYbxpguEc9bm6m8TpAr
7DyHP5H86MOuoReXuEzHYd,0cSC1GvvgLumHovn2rgSHj
7DyHP5H86MOuoReXuEzHYd,7tt5q9c2cUFczKNK5pEbZb
7DyHP5H86MOuoReXuEzHYd,4rOoJbjbSc9bNHPyHGdfbc
7DyHP5H86MOuoReXuEzHYd,33NrinbbEctw1wsdKNgZeZ
7DyHP5H86MOuoReXuEzHYd,012whAEpADzsx3xHjT9nva
7DyHP5H86MOuoReXuEzHYd,1Nkrp1KOmusy0yZw24twC5
7DyHP5H86MOuoReXuEzHYd,2PLF4pjm6A5eztTVbt9ou4
7DyHP5H86MOuoReXuEzHYd,1e5A3rWcqk9WfLjeg5T3dI
7DyHP5H86MOuoReXuEzHYd,2rGEXX2PXml6YnjkgOlWwT
7DyHP5H86MOuoReXuEzHYd,7HUHsmvWREkN4l179tvpBe
7DyHP5H86MOuoReXuEzHYd,5he1UTofdFOcdbKqnLixko
7DyHP5H86MOuoReXuEzHYd,41fjoh5NjJhlDHYIUb9Hsk
7DyHP5H86MOuoReXuEzHYd,7oraQbXIkvzBmNLzjRVvCH
7DyHP5H86MOuoReXuEzHYd,1UIlMGFBSIAFckml8NylWm
7DyHP5H86MOuoReXuEzHYd,794his67Os3txkJb7h5TzL
7DyHP5H86MOuoReXuEzHYd,6lrgtZI2qTutbZMppO9NJd
7DyHP5H86MOuoReXuEzHYd,2nyp615W8UwgHGdkrqmjwk
7DyHP5H86MOuoReXuEzHYd,3lJjhnPxLYvynmO9pcV4x1
7DyHP5H86MOuoReXuEzHYd,5voNQzKKIBqYGeHm4Abw3v
7DyHP5H86MOuoReXuEzHYd,1ynOuDiSh0edsV35bwiyDD
7DyHP5H86MOuoReXuEzHYd,1j8ByviDrUqlkF1HwZVhZ5
7DyHP5H86MOuoReXuEzHYd,1kxKgvpi0kreF6oF9gTBkk
7DyHP5H86MOuoReXuEzHYd,3EMOVqtPqnQBmzBFiaZzuS
7DyHP5H86MOuoReXuEzHYd,093BVFV0BfZFzkTx5bNdGE
7DyHP5H86MOuoReXuEzHYd,0gt6V7bceO18z61bgYQAOw
7DyHP5H86MOuoReXuEzHYd,2tjjOfLHWvoHuHu5h7niIT
7DyHP5H86MOuoReXuEzHYd,6UtAd1rrgAMSdH8uF8AvqL
7DyHP5H86MOuoReXuEzHYd,7EjAGXVB5R3acl0tDLHIXl
1UIlMGFBSIAFckml8NylWm,0ozdcqmICsOZDe7eJQVzrp
1UIlMGFBSIAFckml8NylWm,7gfkYbxpguEc9bm6m8TpAr
1UIlMGFBSIAFckml8NylWm,7tt5q9c2cUFczKNK5pEbZb
1UIlMGFBSIAFckml8NylWm,4rOoJbjbSc9bNHPyHGdfbc
1UIlMGFBSIAFckml8NylWm,33NrinbbEctw1wsdKNgZeZ
1UIlMGFBSIAFckml8NylWm,2PLF4pjm6A5eztTVbt9ou4
1UIlMGFBSIAFckml8NylWm,1e5A3rWcqk9WfLjeg5T3dI
1UIlMGFBSIAFckml8NylWm,2rGEXX2PXml6YnjkgOlWwT
1UIlMGFBSIAFckml8NylWm,7HUHsmvWREkN4l179tvpBe
1UIlMGFBSIAFckml8NylWm,5he1UTofdFOcdbKqnLixko
1UIlMGFBSIAFckml8NylWm,41fjoh5NjJhlDHYIUb9Hsk
1UIlMGFBSIAFckml8NylWm,7oraQbXIkvzBmNLzjRVvCH
1UIlMGFBSIAFckml8NylWm,1Nkrp1KOmusy0yZw24twC5
1UIlMGFBSIAFckml8NylWm,794his67Os3txkJb7h5TzL
1UIlMGFBSIAFckml8NylWm,1Jln3OBAJtmL9kmyGvSZJJ
1UIlMGFBSIAFckml8NylWm,2tjjOfLHWvoHuHu5h7niIT
1UIlMGFBSIAFckml8NylWm,012whAEpADzsx3xHjT9nva
1UIlMGFBSIAFckml8NylWm,6lrgtZI2qTutbZMppO9NJd
1UIlMGFBSIAFckml8NylWm,3EMOVqtPqnQBmzBFiaZzuS
1UIlMGFBSIAFckml8NylWm,6UtAd1rrgAMSdH8uF8AvqL
1UIlMGFBSIAFckml8NylWm,1j8ByviDrUqlkF1HwZVhZ5
1UIlMGFBSIAFckml8NylWm,2nyp615W8UwgHGdkrqmjwk
1UIlMGFBSIAFckml8NylWm,5voNQzKKIBqYGeHm4Abw3v
7oraQbXIkvzBmNLzjRVvCH,0ozdcqmICsOZDe7eJQVzrp
7oraQbXIkvzBmNLzjRVvCH,7gfkYbxpguEc9bm6m8TpAr
7oraQbXIkvzBmNLzjRVvCH,0cSC1GvvgLumHovn2rgSHj
7oraQbXIkvzBmNLzjRVvCH,7tt5q9c2cUFczKNK5pEbZb
7oraQbXIkvzBmNLzjRVvCH,4rOoJbjbSc9bNHPyHGdfbc
7oraQbXIkvzBmNLzjRVvCH,33NrinbbEctw1wsdKNgZeZ
7oraQbXIkvzBmNLzjRVvCH,1e5A3rWcqk9WfLjeg5T3dI
7oraQbXIkvzBmNLzjRVvCH,2rGEXX2PXml6YnjkgOlWwT
7oraQbXIkvzBmNLzjRVvCH,7HUHsmvWREkN4l179tvpBe
7oraQbXIkvzBmNLzjRVvCH,5he1UTofdFOcdbKqnLixko
7oraQbXIkvzBmNLzjRVvCH,41fjoh5NjJhlDHYIUb9Hsk
7oraQbXIkvzBmNLzjRVvCH,1j8ByviDrUqlkF1HwZVhZ5
7oraQbXIkvzBmNLzjRVvCH,1Nkrp1KOmusy0yZw24twC5
7oraQbXIkvzBmNLzjRVvCH,012whAEpADzsx3xHjT9nva
7oraQbXIkvzBmNLzjRVvCH,794his67Os3txkJb7h5TzL
7oraQbXIkvzBmNLzjRVvCH,6lrgtZI2qTutbZMppO9NJd
7oraQbXIkvzBmNLzjRVvCH,2nyp615W8UwgHGdkrqmjwk
7oraQbXIkvzBmNLzjRVvCH,2tjjOfLHWvoHuHu5h7niIT
7oraQbXIkvzBmNLzjRVvCH,2PLF4pjm6A5eztTVbt9ou4
41fjoh5NjJhlDHYIUb9Hsk,0ozdcqmICsOZDe7eJQVzrp
41fjoh5NjJhlDHYIUb9Hsk,7gfkYbxpguEc9bm6m8TpAr
41fjoh5NjJhlDHYIUb9Hsk,0cSC1GvvgLumHovn2rgSHj
41fjoh5NjJhlDHYIUb9Hsk,33NrinbbEctw1wsdKNgZeZ
41fjoh5NjJhlDHYIUb9Hsk,1e5A3rWcqk9WfLjeg5T3dI
41fjoh5NjJhlDHYIUb9Hsk,2rGEXX2PXml6YnjkgOlWwT
41fjoh5NjJhlDHYIUb9Hsk,5he1UTofdFOcdbKqnLixko
41fjoh5NjJhlDHYIUb9Hsk,1j8ByviDrUqlkF1HwZVhZ5
41fjoh5NjJhlDHYIUb9Hsk,012whAEpADzsx3xHjT9nva
41fjoh5NjJhlDHYIUb9Hsk,1Nkrp1KOmusy0yZw24twC5
41fjoh5NjJhlDHYIUb9Hsk,794his67Os3txkJb7h5TzL
41fjoh5NjJhlDHYIUb9Hsk,2PLF4pjm6A5eztTVbt9ou4
41fjoh5NjJhlDHYIUb9Hsk,2nyp615W8UwgHGdkrqmjwk
41fjoh5NjJhlDHYIUb9Hsk,7HUHsmvWREkN4l179tvpBe
41fjoh5NjJhlDHYIUb9Hsk,4rOoJbjbSc9bNHPyHGdfbc
41fjoh5NjJhlDHYIUb9Hsk,2tjjOfLHWvoHuHu5h7niIT
41fjoh5NjJhlDHYIUb9Hsk,6lrgtZI2qTutbZMppO9NJd
41fjoh5NjJhlDHYIUb9Hsk,3EMOVqtPqnQBmzBFiaZzuS
5he1UTofdFOcdbKqnLixko,0ozdcqmICsOZDe7eJQVzrp
5he1UTofdFOcdbKqnLixko,7gfkYbxpguEc9bm6m8TpAr
5he1UTofdFOcdbKqnLixko,7tt5q9c2cUFczKNK5pEbZb
5he1UTofdFOcdbKqnLixko,33NrinbbEctw1wsdKNgZeZ
5he1UTofdFOcdbKqnLixko,1e5A3rWcqk9WfLjeg5T3dI
5he1UTofdFOcdbKqnLixko,2rGEXX2PXml6YnjkgOlWwT
5he1UTofdFOcdbKqnLixko,7HUHsmvWREkN4l179tvpBe
5he1UTofdFOcdbKqnLixko,1Nkrp1KOmusy0yZw24twC5
5he1UTofdFOcdbKqnLixko,2tjjOfLHWvoHuHu5h7niIT
5he1UTofdFOcdbKqnLixko,2PLF4pjm6A5eztTVbt9ou4
5he1UTofdFOcdbKqnLixko,4rOoJbjbSc9bNHPyHGdfbc
5he1UTofdFOcdbKqnLixko,6lrgtZI2qTutbZMppO9NJd
5he1UTofdFOcdbKqnLixko,6UtAd1rrgAMSdH8uF8AvqL
5he1UTofdFOcdbKqnLixko,794his67Os3txkJb7h5TzL
5he1UTofdFOcdbKqnLixko,1Jln3OBAJtmL9kmyGvSZJJ
5he1UTofdFOcdbKqnLixko,012whAEpADzsx3xHjT9nva
5he1UTofdFOcdbKqnLixko,1j8ByviDrUqlkF1HwZVhZ5
7HUHsmvWREkN4l179tvpBe,0ozdcqmICsOZDe7eJQVzrp
7HUHsmvWREkN4l179tvpBe,7gfkYbxpguEc9bm6m8TpAr
7HUHsmvWREkN4l179tvpBe,7tt5q9c2cUFczKNK5pEbZb
7HUHsmvWREkN4l179tvpBe,4rOoJbjbSc9bNHPyHGdfbc
7HUHsmvWREkN4l179tvpBe,33NrinbbEctw1wsdKNgZeZ
7HUHsmvWREkN4l179tvpBe,1e5A3rWcqk9WfLjeg5T3dI
7HUHsmvWREkN4l179tvpBe,2rGEXX2PXml6YnjkgOlWwT
7HUHsmvWREkN4l179tvpBe,1Nkrp1KOmusy0yZw24twC5
7HUHsmvWREkN4l179tvpBe,6lrgtZI2qTutbZMppO9NJd
7HUHsmvWREkN4l179tvpBe,3RR2AbKX9jLY7cZ6U18kJu
7HUHsmvWREkN4l179tvpBe,6UtAd1rrgAMSdH8uF8AvqL
7HUHsmvWREkN4l179tvpBe,1Jln3OBAJtmL9kmyGvSZJJ
7HUHsmvWREkN4l179tvpBe,012whAEpADzsx3xHjT9nva
7HUHsmvWREkN4l179tvpBe,0qHOVLCmMmMgk9l3GsgmUB
7HUHsmvWREkN4l179tvpBe,794his67Os3txkJb7h5TzL
7HUHsmvWREkN4l179tvpBe,2tjjOfLHWvoHuHu5h7niIT
7HUHsmvWREkN4l179tvpBe,3EMOVqtPqnQBmzBFiaZzuS
2rGEXX2PXml6YnjkgOlWwT,0ozdcqmICsOZDe7eJQVzrp
2rGEXX2PXml6YnjkgOlWwT,7gfkYbxpguEc9bm6m8TpAr
2rGEXX2PXml6YnjkgOlWwT,0cSC1GvvgLumHovn2rgSHj
2rGEXX2PXml6YnjkgOlWwT,7tt5q9c2cUFczKNK5pEbZb
2rGEXX2PXml6YnjkgOlWwT,33NrinbbEctw1wsdKNgZeZ
2rGEXX2PXml6YnjkgOlWwT,1e5A3rWcqk9WfLjeg5T3dI
2rGEXX2PXml6YnjkgOlWwT,1j8ByviDrUqlkF1HwZVhZ5
2rGEXX2PXml6YnjkgOlWwT,794his67Os3txkJb7h5TzL
2rGEXX2PXml6YnjkgOlWwT,1Nkrp1KOmusy0yZw24twC5
2rGEXX2PXml6YnjkgOlWwT,012whAEpADzsx3xHjT9nva
2rGEXX2PXml6YnjkgOlWwT,4rOoJbjbSc9bNHPyHGdfbc
2rGEXX2PXml6YnjkgOlWwT,2tjjOfLHWvoHuHu5h7niIT
2rGEXX2PXml6YnjkgOlWwT,2PLF4pjm6A5eztTVbt9ou4
2rGEXX2PXml6YnjkgOlWwT,2nyp615W8UwgHGdkrqmjwk
2rGEXX2PXml6YnjkgOlWwT,0ICe5vwuONWq0QwRojNYSa
1j8ByviDrUqlkF1HwZVhZ5,0cSC1GvvgLumHovn2rgSHj
1j8ByviDrUqlkF1HwZVhZ5,7tt5q9c2cUFczKNK5pEbZb
1j8ByviDrUqlkF1HwZVhZ5,4rOoJbjbSc9bNHPyHGdfbc
1j8ByviDrUqlkF1HwZVhZ5,33NrinbbEctw1wsdKNgZeZ
1j8ByviDrUqlkF1HwZVhZ5,2PLF4pjm6A5eztTVbt9ou4
1j8ByviDrUqlkF1HwZVhZ5,2u3hFRZfohi5Csh9OXzoYz
1j8ByviDrUqlkF1HwZVhZ5,5AaEVloAlWme654trE4sQw
1j8ByviDrUqlkF1HwZVhZ5,3Rf9Uwfr70eqblPsUjhaBp
1j8ByviDrUqlkF1HwZVhZ5,61ygREfQA3ENGYL9WqsLiX
1j8ByviDrUqlkF1HwZVhZ5,093BVFV0BfZFzkTx5bNdGE
1j8ByviDrUqlkF1HwZVhZ5,6siLEQRDxdPtaGXNquu8dk
1j8ByviDrUqlkF1HwZVhZ5,794his67Os3txkJb7h5TzL
1j8ByviDrUqlkF1HwZVhZ5,1kxKgvpi0kreF6oF9gTBkk
1j8ByviDrUqlkF1HwZVhZ5,5voNQzKKIBqYGeHm4Abw3v
1j8ByviDrUqlkF1HwZVhZ5,5QwmIiJh04qCv4pKrycaB5
1j8ByviDrUqlkF1HwZVhZ5,3EMOVqtPqnQBmzBFiaZzuS
1j8ByviDrUqlkF1HwZVhZ5,3lJjhnPxLYvynmO9pcV4x1
1j8ByviDrUqlkF1HwZVhZ5,2nyp615W8UwgHGdkrqmjwk
1j8ByviDrUqlkF1HwZVhZ5,7EjAGXVB5R3acl0tDLHIXl
1j8ByviDrUqlkF1HwZVhZ5,6absGnVp4fKn4s9FfSMti0
1j8ByviDrUqlkF1HwZVhZ5,26W8hndlYFb2HuxuSkRZgm
1j8ByviDrUqlkF1HwZVhZ5,6G8NuW7rtFroRDKFSS2IWm
1j8ByviDrUqlkF1HwZVhZ5,23W4lXztvDuKmwAsNynzM7
1j8ByviDrUqlkF1HwZVhZ5,3NZLmxq0r0EHQhat0VGbgk
1e5A3rWcqk9WfLjeg5T3dI,0ozdcqmICsOZDe7eJQVzrp
1e5A3rWcqk9WfLjeg5T3dI,33NrinbbEctw1wsdKNgZeZ
1e5A3rWcqk9WfLjeg5T3dI,1Nkrp1KOmusy0yZw24twC5
1e5A3rWcqk9WfLjeg5T3dI,794his67Os3txkJb7h5TzL
1e5A3rWcqk9WfLjeg5T3dI,012whAEpADzsx3xHjT9nva
1e5A3rWcqk9WfLjeg5T3dI,6lrgtZI2qTutbZMppO9NJd
1e5A3rWcqk9WfLjeg5T3dI,2tjjOfLHWvoHuHu5h7niIT
1e5A3rWcqk9WfLjeg5T3dI,2nyp615W8UwgHGdkrqmjwk
1e5A3rWcqk9WfLjeg5T3dI,2PLF4pjm6A5eztTVbt9ou4
1e5A3rWcqk9WfLjeg5T3dI,6UtAd1rrgAMSdH8uF8AvqL
1e5A3rWcqk9WfLjeg5T3dI,1Jln3OBAJtmL9kmyGvSZJJ
1e5A3rWcqk9WfLjeg5T3dI,5voNQzKKIBqYGeHm4Abw3v
1e5A3rWcqk9WfLjeg5T3dI,1kxKgvpi0kreF6oF9gTBkk
1e5A3rWcqk9WfLjeg5T3dI,4rOoJbjbSc9bNHPyHGdfbc
1e5A3rWcqk9WfLjeg5T3dI,3lJjhnPxLYvynmO9pcV4x1
2PLF4pjm6A5eztTVbt9ou4,2nyp615W8UwgHGdkrqmjwk
2PLF4pjm6A5eztTVbt9ou4,794his67Os3txkJb7h5TzL
2PLF4pjm6A5eztTVbt9ou4,1kxKgvpi0kreF6oF9gTBkk
2PLF4pjm6A5eztTVbt9ou4,5voNQzKKIBqYGeHm4Abw3v
2PLF4pjm6A5eztTVbt9ou4,3lJjhnPxLYvynmO9pcV4x1
2PLF4pjm6A5eztTVbt9ou4,0gt6V7bceO18z61bgYQAOw
2PLF4pjm6A5eztTVbt9ou4,7EjAGXVB5R3acl0tDLHIXl
2PLF4pjm6A5eztTVbt9ou4,1AcEfwSjknCZZxlJhrT15B
2PLF4pjm6A5eztTVbt9ou4,2u3hFRZfohi5Csh9OXzoYz
2PLF4pjm6A5eztTVbt9ou4,3Rf9Uwfr70eqblPsUjhaBp
2PLF4pjm6A5eztTVbt9ou4,012whAEpADzsx3xHjT9nva
2PLF4pjm6A5eztTVbt9ou4,2tjjOfLHWvoHuHu5h7niIT
2PLF4pjm6A5eztTVbt9ou4,3NZLmxq0r0EHQhat0VGbgk
2PLF4pjm6A5eztTVbt9ou4,38HiPEuUacmAjx3cKEjEVu
2PLF4pjm6A5eztTVbt9ou4,1Nkrp1KOmusy0yZw24twC5
2PLF4pjm6A5eztTVbt9ou4,6lrgtZI2qTutbZMppO9NJd
2PLF4pjm6A5eztTVbt9ou4,093BVFV0BfZFzkTx5bNdGE
1Nkrp1KOmusy0yZw24twC5,0ozdcqmICsOZDe7eJQVzrp
1Nkrp1KOmusy0yZw24twC5,6lrgtZI2qTutbZMppO9NJd
1Nkrp1KOmusy0yZw24twC5,7tt5q9c2cUFczKNK5pEbZb
1Nkrp1KOmusy0yZw24twC5,4rOoJbjbSc9bNHPyHGdfbc
1Nkrp1KOmusy0yZw24twC5,33NrinbbEctw1wsdKNgZeZ
1Nkrp1KOmusy0yZw24twC5,012whAEpADzsx3xHjT9nva
1Nkrp1KOmusy0yZw24twC5,6UtAd1rrgAMSdH8uF8AvqL
1Nkrp1KOmusy0yZw24twC5,3EMOVqtPqnQBmzBFiaZzuS
1Nkrp1KOmusy0yZw24twC5,3lJjhnPxLYvynmO9pcV4x1
1Nkrp1KOmusy0yZw24twC5,1Jln3OBAJtmL9kmyGvSZJJ
1Nkrp1KOmusy0yZw24twC5,5voNQzKKIBqYGeHm4Abw3v
1Nkrp1KOmusy0yZw24twC5,1ynOuDiSh0edsV35bwiyDD
1Nkrp1KOmusy0yZw24twC5,794his67Os3txkJb7h5TzL
1Nkrp1KOmusy0yZw24twC5,7EjAGXVB5R3acl0tDLHIXl
1Nkrp1KOmusy0yZw24twC5,1kxKgvpi0kreF6oF9gTBkk
1Nkrp1KOmusy0yZw24twC5,2nyp615W8UwgHGdkrqmjwk
1Nkrp1KOmusy0yZw24twC5,0gt6V7bceO18z61bgYQAOw
1Nkrp1KOmusy0yZw24twC5,2u3hFRZfohi5Csh9OXzoYz
1Nkrp1KOmusy0yZw24twC5,2tjjOfLHWvoHuHu5h7niIT
1Nkrp1KOmusy0yZw24twC5,3RR2AbKX9jLY7cZ6U18kJu
1Nkrp1KOmusy0yZw24twC5,093BVFV0BfZFzkTx5bNdGE
1Nkrp1KOmusy0yZw24twC5,3Rf9Uwfr70eqblPsUjhaBp
1Nkrp1KOmusy0yZw24twC5,3NZLmxq0r0EHQhat0VGbgk
012whAEpADzsx3xHjT9nva,6lrgtZI2qTutbZMppO9NJd
012whAEpADzsx3xHjT9nva,0cSC1GvvgLumHovn2rgSHj
012whAEpADzsx3xHjT9nva,794his67Os3txkJb7h5TzL
012whAEpADzsx3xHjT9nva,4rOoJbjbSc9bNHPyHGdfbc
012whAEpADzsx3xHjT9nva,3lJjhnPxLYvynmO9pcV4x1
012whAEpADzsx3xHjT9nva,1ynOuDiSh0edsV35bwiyDD
012whAEpADzsx3xHjT9nva,5voNQzKKIBqYGeHm4Abw3v
012whAEpADzsx3xHjT9nva,7EjAGXVB5R3acl0tDLHIXl
012whAEpADzsx3xHjT9nva,0gt6V7bceO18z61bgYQAOw
012whAEpADzsx3xHjT9nva,2nyp615W8UwgHGdkrqmjwk
012whAEpADzsx3xHjT9nva,1kxKgvpi0kreF6oF9gTBkk
012whAEpADzsx3xHjT9nva,093BVFV0BfZFzkTx5bNdGE
012whAEpADzsx3xHjT9nva,3NZLmxq0r0EHQhat0VGbgk
012whAEpADzsx3xHjT9nva,3EMOVqtPqnQBmzBFiaZzuS
012whAEpADzsx3xHjT9nva,3Rf9Uwfr70eqblPsUjhaBp
012whAEpADzsx3xHjT9nva,6absGnVp4fKn4s9FfSMti0
012whAEpADzsx3xHjT9nva,1AcEfwSjknCZZxlJhrT15B
012whAEpADzsx3xHjT9nva,2u3hFRZfohi5Csh9OXzoYz
012whAEpADzsx3xHjT9nva,2tjjOfLHWvoHuHu5h7niIT
012whAEpADzsx3xHjT9nva,0F4fujhay2miSIP2qS2ol3
33NrinbbEctw1wsdKNgZeZ,0ozdcqmICsOZDe7eJQVzrp
33NrinbbEctw1wsdKNgZeZ,7gfkYbxpguEc9bm6m8TpAr
33NrinbbEctw1wsdKNgZeZ,0cSC1GvvgLumHovn2rgSHj
33NrinbbEctw1wsdKNgZeZ,7tt5q9c2cUFczKNK5pEbZb
33NrinbbEctw1wsdKNgZeZ,4rOoJbjbSc9bNHPyHGdfbc
33NrinbbEctw1wsdKNgZeZ,0qHOVLCmMmMgk9l3GsgmUB
33NrinbbEctw1wsdKNgZeZ,2wwWukJBsCikjlj7vlbQkM
33NrinbbEctw1wsdKNgZeZ,6zpNfYJcPavd1pqLXKiSvl
33NrinbbEctw1wsdKNgZeZ,2YWOP324cKGfkTo2PydgJR
33NrinbbEctw1wsdKNgZeZ,6pRYBBHNsZYnZ8w2xjkAgP
4rOoJbjbSc9bNHPyHGdfbc,0ozdcqmICsOZDe7eJQVzrp
4rOoJbjbSc9bNHPyHGdfbc,7gfkYbxpguEc9bm6m8TpAr
4rOoJbjbSc9bNHPyHGdfbc,0cSC1GvvgLumHovn2rgSHj
4rOoJbjbSc9bNHPyHGdfbc,7tt5q9c2cUFczKNK5pEbZb
4rOoJbjbSc9bNHPyHGdfbc,3RR2AbKX9jLY7cZ6U18kJu
4rOoJbjbSc9bNHPyHGdfbc,6UtAd1rrgAMSdH8uF8AvqL
4rOoJbjbSc9bNHPyHGdfbc,0qHOVLCmMmMgk9l3GsgmUB
4rOoJbjbSc9bNHPyHGdfbc,6lrgtZI2qTutbZMppO9NJd
4rOoJbjbSc9bNHPyHGdfbc,2tjjOfLHWvoHuHu5h7niIT
4rOoJbjbSc9bNHPyHGdfbc,1Jln3OBAJtmL9kmyGvSZJJ
4rOoJbjbSc9bNHPyHGdfbc,2wwWukJBsCikjlj7vlbQkM
4rOoJbjbSc9bNHPyHGdfbc,6pRYBBHNsZYnZ8w2xjkAgP
4rOoJbjbSc9bNHPyHGdfbc,3EMOVqtPqnQBmzBFiaZzuS
4rOoJbjbSc9bNHPyHGdfbc,794his67Os3txkJb7h5TzL
794his67Os3txkJb7h5TzL,6lrgtZI2qTutbZMppO9NJd
794his67Os3txkJb7h5TzL,0cSC1GvvgLumHovn2rgSHj
794his67Os3txkJb7h5TzL,2nyp615W8UwgHGdkrqmjwk
794his67Os3txkJb7h5TzL,7EjAGXVB5R3acl0tDLHIXl
794his67Os3txkJb7h5TzL,5voNQzKKIBqYGeHm4Abw3v
794his67Os3txkJb7h5TzL,3NZLmxq0r0EHQhat0VGbgk
794his67Os3txkJb7h5TzL,3Rf9Uwfr70eqblPsUjhaBp
794his67Os3txkJb7h5TzL,6absGnVp4fKn4s9FfSMti0
794his67Os3txkJb7h5TzL,3lJjhnPxLYvynmO9pcV4x1
794his67Os3txkJb7h5TzL,1kxKgvpi0kreF6oF9gTBkk
794his67Os3txkJb7h5TzL,0gt6V7bceO18z61bgYQAOw
794his67Os3txkJb7h5TzL,1AcEfwSjknCZZxlJhrT15B
794his67Os3txkJb7h5TzL,0F4fujhay2miSIP2qS2ol3
794his67Os3txkJb7h5TzL,6siLEQRDxdPtaGXNquu8dk
794his67Os3txkJb7h5TzL,1ynOuDiSh0edsV35bwiyDD
794his67Os3txkJb7h5TzL,1Iwil7NfxDP9N4nY7iihpj
794his67Os3txkJb7h5TzL,2tjjOfLHWvoHuHu5h7niIT
794his67Os3txkJb7h5TzL,093BVFV0BfZFzkTx5bNdGE
794his67Os3txkJb7h5TzL,26W8hndlYFb2HuxuSkRZgm
794his67Os3txkJb7h5TzL,5AaEVloAlWme654trE4sQw
794his67Os3txkJb7h5TzL,2u3hFRZfohi5Csh9OXzoYz
7tt5q9c2cUFczKNK5pEbZb,0ozdcqmICsOZDe7eJQVzrp
7tt5q9c2cUFczKNK5pEbZb,7gfkYbxpguEc9bm6m8TpAr
7tt5q9c2cUFczKNK5pEbZb,0cSC1GvvgLumHovn2rgSHj
7tt5q9c2cUFczKNK5pEbZb,0qHOVLCmMmMgk9l3GsgmUB
7tt5q9c2cUFczKNK5pEbZb,3RR2AbKX9jLY7cZ6U18kJu
7tt5q9c2cUFczKNK5pEbZb,6pRYBBHNsZYnZ8w2xjkAgP
7tt5q9c2cUFczKNK5pEbZb,6UtAd1rrgAMSdH8uF8AvqL
7tt5q9c2cUFczKNK5pEbZb,6lrgtZI2qTutbZMppO9NJd
7tt5q9c2cUFczKNK5pEbZb,2wwWukJBsCikjlj7vlbQkM
7tt5q9c2cUFczKNK5pEbZb,6zpNfYJcPavd1pqLXKiSvl
7tt5q9c2cUFczKNK5pEbZb,2YWOP324cKGfkTo2PydgJR
0cSC1GvvgLumHovn2rgSHj,0ozdcqmICsOZDe7eJQVzrp
0cSC1GvvgLumHovn2rgSHj,7gfkYbxpguEc9bm6m8TpAr
0cSC1GvvgLumHovn2rgSHj,7u56iM11sgD3XiqbDwYvJU
0cSC1GvvgLumHovn2rgSHj,6pRYBBHNsZYnZ8w2xjkAgP
0cSC1GvvgLumHovn2rgSHj,24mOhYNAetP2UdsczovVQO
0cSC1GvvgLumHovn2rgSHj,093BVFV0BfZFzkTx5bNdGE
0cSC1GvvgLumHovn2rgSHj,2tjjOfLHWvoHuHu5h7niIT
0cSC1GvvgLumHovn2rgSHj,23W4lXztvDuKmwAsNynzM7
0cSC1GvvgLumHovn2rgSHj,0qHOVLCmMmMgk9l3GsgmUB
0cSC1GvvgLumHovn2rgSHj,2nyp615W8UwgHGdkrqmjwk
0cSC1GvvgLumHovn2rgSHj,5voNQzKKIBqYGeHm4Abw3v
0cSC1GvvgLumHovn2rgSHj,2wwWukJBsCikjlj7vlbQkM
6lrgtZI2qTutbZMppO9NJd,1ynOuDiSh0edsV35bwiyDD
6lrgtZI2qTutbZMppO9NJd,6UtAd1rrgAMSdH8uF8AvqL
6lrgtZI2qTutbZMppO9NJd,3EMOVqtPqnQBmzBFiaZzuS
6lrgtZI2qTutbZMppO9NJd,3lJjhnPxLYvynmO9pcV4x1
6lrgtZI2qTutbZMppO9NJd,7EjAGXVB5R3acl0tDLHIXl
6lrgtZI2qTutbZMppO9NJd,1kxKgvpi0kreF6oF9gTBkk
6lrgtZI2qTutbZMppO9NJd,5voNQzKKIBqYGeHm4Abw3v
6lrgtZI2qTutbZMppO9NJd,1Jln3OBAJtmL9kmyGvSZJJ
6lrgtZI2qTutbZMppO9NJd,3RR2AbKX9jLY7cZ6U18kJu
6lrgtZI2qTutbZMppO9NJd,0gt6V7bceO18z61bgYQAOw
6lrgtZI2qTutbZMppO9NJd,6absGnVp4fKn4s9FfSMti0
6lrgtZI2qTutbZMppO9NJd,093BVFV0BfZFzkTx5bNdGE
6lrgtZI2qTutbZMppO9NJd,3NZLmxq0r0EHQhat0VGbgk
6lrgtZI2qTutbZMppO9NJd,2nyp615W8UwgHGdkrqmjwk
6lrgtZI2qTutbZMppO9NJd,0F4fujhay2miSIP2qS2ol3
6lrgtZI2qTutbZMppO9NJd,3Rf9Uwfr70eqblPsUjhaBp
6lrgtZI2qTutbZMppO9NJd,1Iwil7NfxDP9N4nY7iihpj
7gfkYbxpguEc9bm6m8TpAr,0qHOVLCmMmMgk9l3GsgmUB
7gfkYbxpguEc9bm6m8TpAr,2wwWukJBsCikjlj7vlbQkM
7gfkYbxpguEc9bm6m8TpAr,2YWOP324cKGfkTo2PydgJR
7gfkYbxpguEc9bm6m8TpAr,0ozdcqmICsOZDe7eJQVzrp
7gfkYbxpguEc9bm6m8TpAr,4dyYjqmYDjegbB3F2mbvcT
7gfkYbxpguEc9bm6m8TpAr,6pRYBBHNsZYnZ8w2xjkAgP
7gfkYbxpguEc9bm6m8TpAr,6zpNfYJcPavd1pqLXKiSvl
7gfkYbxpguEc9bm6m8TpAr,08yxJfM5RnFAjJvMJIFnvh
0ozdcqmICsOZDe7eJQVzrp,0qHOVLCmMmMgk9l3GsgmUB
0ozdcqmICsOZDe7eJQVzrp,2wwWukJBsCikjlj7vlbQkM
0ozdcqmICsOZDe7eJQVzrp,6zpNfYJcPavd1pqLXKiSvl
0ozdcqmICsOZDe7eJQVzrp,6pRYBBHNsZYnZ8w2xjkAgP
0ozdcqmICsOZDe7eJQVzrp,2YWOP324cKGfkTo2PydgJR
0ozdcqmICsOZDe7eJQVzrp,3RR2AbKX9jLY7cZ6U18kJu
0ozdcqmICsOZDe7eJQVzrp,6UtAd1rrgAMSdH8uF8AvqL
4CvTDPKA6W06DRfBnZKrau,7w29UYBi0qsHi5RTcv3lmA
4CvTDPKA6W06DRfBnZKrau,3nnQpaTvKb5jCQabZefACI
4CvTDPKA6W06DRfBnZKrau,6liAMWkVf5LH7YR9yfFy1Y
4CvTDPKA6W06DRfBnZKrau,7tA9Eeeb68kkiG9Nrvuzmi
4CvTDPKA6W06DRfBnZKrau,0z9s3P5vCzKcUBSxgBDyLU
4CvTDPKA6W06DRfBnZKrau,6styCzc1Ej4NxISL0LiigM
4CvTDPKA6W06DRfBnZKrau,12VaqyEhgwDRuFfEqbnrpz
4CvTDPKA6W06DRfBnZKrau,2nszamLjZFgu3Yx77mKxuC
4CvTDPKA6W06DRfBnZKrau,0O98jlCaPzvsoei6U5jfEL
4CvTDPKA6W06DRfBnZKrau,5UqTO8smerMvxHYA5xsXb6
4CvTDPKA6W06DRfBnZKrau,6kBDZFXuLrZgHnvmPu9NsG
4CvTDPKA6W06DRfBnZKrau,4CX6yOoTFQeiwL5yxuFuIG
4CvTDPKA6W06DRfBnZKrau,2VAvhf61GgLYmC6C8anyX1
4CvTDPKA6W06DRfBnZKrau,7Eu1txygG6nJttLHbZdQOh
4CvTDPKA6W06DRfBnZKrau,6FXMGgJwohJLUSr5nVlf9X
4CvTDPKA6W06DRfBnZKrau,0uCCBpmg6MrPb1KY2msceF
4CvTDPKA6W06DRfBnZKrau,2A59wav3PGiJij2rK7HQYH
4CvTDPKA6W06DRfBnZKrau,40Ojab0UtVQFjA76qXr8Ot
4CvTDPKA6W06DRfBnZKrau,6hhA8TKRNryM8FNzqCqdDO
4CvTDPKA6W06DRfBnZKrau,6UUrUCIZtQeOf8tC0WuzRy
4CvTDPKA6W06DRfBnZKrau,4aEnNH9PuU1HF3TsZTru54
7bu3H8JO7d0UbMoVzbo70s,1n65zfwYIj5kKEtNgxUlWb
7bu3H8JO7d0UbMoVzbo70s,0yNLKJebCb8Aueb54LYya3
7bu3H8JO7d0UbMoVzbo70s,5N5tQ9Dx1h8Od7aRmGj7Fi
7bu3H8JO7d0UbMoVzbo70s,0fgYKF9Avljex0L9Wt5b8Z
7bu3H8JO7d0UbMoVzbo70s,3iTsJGG39nMg9YiolUgLMQ
7bu3H8JO7d0UbMoVzbo70s,5UqTO8smerMvxHYA5xsXb6
7bu3H8JO7d0UbMoVzbo70s,3RGLhK1IP9jnYFH4BRFJBS
7bu3H8JO7d0UbMoVzbo70s,5Wabl1lPdNOeIn0SQ5A1mp
7bu3H8JO7d0UbMoVzbo70s,3G3Gdm0ZRAOxLrbyjfhii5
7bu3H8JO7d0UbMoVzbo70s,72X6FHxaShda0XeQw3vbeF
7bu3H8JO7d0UbMoVzbo70s,1nJvji2KIlWSseXRSlNYsC
7bu3H8JO7d0UbMoVzbo70s,762310PdDnwsDxAQxzQkfX
7bu3H8JO7d0UbMoVzbo70s,0O0lrN34wrcuBenkqlEDZe
7bu3H8JO7d0UbMoVzbo70s,2x9SpqnPi8rlE9pjHBwmSC
7bu3H8JO7d0UbMoVzbo70s,4HxBVyHaUa60eCSsJWxwWR
7bu3H8JO7d0UbMoVzbo70s,40Yq4vzPs9VNUrIBG5Jr2i
6liAMWkVf5LH7YR9yfFy1Y,7w29UYBi0qsHi5RTcv3lmA
6liAMWkVf5LH7YR9yfFy1Y,3nnQpaTvKb5jCQabZefACI
6liAMWkVf5LH7YR9yfFy1Y,6hhA8TKRNryM8FNzqCqdDO
6liAMWkVf5LH7YR9yfFy1Y,6FXMGgJwohJLUSr5nVlf9X
6liAMWkVf5LH7YR9yfFy1Y,6bWxFw65IEJzBYjx3SxUXd
6liAMWkVf5LH7YR9yfFy1Y,1P6U1dCeHxPui5pIrGmndZ
6liAMWkVf5LH7YR9yfFy1Y,12VaqyEhgwDRuFfEqbnrpz
6liAMWkVf5LH7YR9yfFy1Y,1EJWNhiYbOyeUHbsS7Kp1P
6liAMWkVf5LH7YR9yfFy1Y,08YvZ2qzFrDSITfHLbPKMP
6liAMWkVf5LH7YR9yfFy1Y,2nszamLjZFgu3Yx77mKxuC
6liAMWkVf5LH7YR9yfFy1Y,6Lt6KFXX3P0v6vfrynQAMo
6liAMWkVf5LH7YR9yfFy1Y,5BKsn7SCN2XmbF7apdCpRS
6liAMWkVf5LH7YR9yfFy1Y,4aaBjq7VqqQvpSF69GglvO
6liAMWkVf5LH7YR9yfFy1Y,5EP020iZcwBqHRnJftibXX
6liAMWkVf5LH7YR9yfFy1Y,5UqTO8smerMvxHYA5xsXb6
6liAMWkVf5LH7YR9yfFy1Y,5CE2IfdYZEQGIDsfiRm8SI
6liAMWkVf5LH7YR9yfFy1Y,14H7ag1wpQOsPPQJOD6Dqr
6liAMWkVf5LH7YR9yfFy1Y,25KNo5GDS6ZpLkjasaecA3
6liAMWkVf5LH7YR9yfFy1Y,1GhPHrq36VKCY3ucVaZCfo
6liAMWkVf5LH7YR9yfFy1Y,4UXJsSlnKd7ltsrHebV79Q
40Yq4vzPs9VNUrIBG5Jr2i,3jOstUTkEu2JkjvRdBA5Gu
40Yq4vzPs9VNUrIBG5Jr2i,6Ghvu1VvMGScGpOUJBAHNH
40Yq4vzPs9VNUrIBG5Jr2i,2UazAtjfzqBF0Nho2awK4z
40Yq4vzPs9VNUrIBG5Jr2i,5xUf6j4upBrXZPg6AI4MRK
40Yq4vzPs9VNUrIBG5Jr2i,78SHxLdtysAXgywQ4vE0Oa
40Yq4vzPs9VNUrIBG5Jr2i,02NfyD6AlLA12crYzw5YcR
40Yq4vzPs9VNUrIBG5Jr2i,64tNsm6TnZe2zpcMVMOoHL
40Yq4vzPs9VNUrIBG5Jr2i,5sD1ZLf2dGQ9gQ3YJl1eAd
40Yq4vzPs9VNUrIBG5Jr2i,5SHQUMAmEK5KmuSb0aDvsn
40Yq4vzPs9VNUrIBG5Jr2i,0iHb0mCbqZTYeb4y9Pirrd
40Yq4vzPs9VNUrIBG5Jr2i,4iudEcmuPlYNdbP3e1bdn1
40Yq4vzPs9VNUrIBG5Jr2i,5UqTO8smerMvxHYA5xsXb6
40Yq4vzPs9VNUrIBG5Jr2i,2d0hyoQ5ynDBnkvAbJKORj
40Yq4vzPs9VNUrIBG5Jr2i,6GbCJZrI318Ybm8mY36Of5
40Yq4vzPs9VNUrIBG5Jr2i,2ziB7fzrXBoh1HUPS6sVFn
40Yq4vzPs9VNUrIBG5Jr2i,0X380XXQSNBYuleKzav5UO
40Yq4vzPs9VNUrIBG5Jr2i,3YcBF2ttyueytpXtEzn1Za
40Yq4vzPs9VNUrIBG5Jr2i,1w5Kfo2jwwIPruYS2UWh56
72X6FHxaShda0XeQw3vbeF,2ApaG60P4r0yhBoDCGD8YG
72X6FHxaShda0XeQw3vbeF,7w29UYBi0qsHi5RTcv3lmA
72X6FHxaShda0XeQw3vbeF,5UqTO8smerMvxHYA5xsXb6
72X6FHxaShda0XeQw3vbeF,3G3Gdm0ZRAOxLrbyjfhii5
72X6FHxaShda0XeQw3vbeF,6Ghvu1VvMGScGpOUJBAHNH
72X6FHxaShda0XeQw3vbeF,3nnQpaTvKb5jCQabZefACI
72X6FHxaShda0XeQw3vbeF,3ysp8GwsheDcBxP9q65lBg
72X6FHxaShda0XeQw3vbeF,2feOOr1Yjovo67byuxvjZv
72X6FHxaShda0XeQw3vbeF,0FRKTwQSToXpCxYMhyUzYY
72X6FHxaShda0XeQw3vbeF,5Wabl1lPdNOeIn0SQ5A1mp
72X6FHxaShda0XeQw3vbeF,4jSYHcSo85heWskYvAULio
72X6FHxaShda0XeQw3vbeF,0WPY9nnBy01s5QOt4o4oQX
72X6FHxaShda0XeQw3vbeF,1tnjjbgszXYa8BbyTzwM0w
72X6FHxaShda0XeQw3vbeF,0WY2ddzQUF9eh16GiqrElA
72X6FHxaShda0XeQw3vbeF,1s5mUpjVtK0XAScRqlErSE
72X6FHxaShda0XeQw3vbeF,4KEHIUSoWCcqrk8AddTE1O
72X6FHxaShda0XeQw3vbeF,5AyEXCtu3xnnsTGCo4RVZh
72X6FHxaShda0XeQw3vbeF,3r94PF71LWRI5K6wqclNjQ
72X6FHxaShda0XeQw3vbeF,37w38cCSGgKLdayTRjna4W
72X6FHxaShda0XeQw3vbeF,4IwOItqRhsIoRuD5HP4vyC
72X6FHxaShda0XeQw3vbeF,5NtMqQLCzdVvL7F8vFp3zM
72X6FHxaShda0XeQw3vbeF,6guTJsgPymDUVfqDJyz5UG
72X6FHxaShda0XeQw3vbeF,2dXj6aC3DsxoTDyhk3u4gl
3nnQpaTvKb5jCQabZefACI,2ApaG60P4r0yhBoDCGD8YG
3nnQpaTvKb5jCQabZefACI,6zHRqvws8dVeqL8D31ponr
3nnQpaTvKb5jCQabZefACI,37w38cCSGgKLdayTRjna4W
3nnQpaTvKb5jCQabZefACI,5c3GLXai8YOMid29ZEuR9y
3nnQpaTvKb5jCQabZefACI,3g2kUQ6tHLLbmkV7T4GPtL
3nnQpaTvKb5jCQabZefACI,5Wabl1lPdNOeIn0SQ5A1mp
3nnQpaTvKb5jCQabZefACI,1nJvji2KIlWSseXRSlNYsC
3nnQpaTvKb5jCQabZefACI,5UqTO8smerMvxHYA5xsXb6
3nnQpaTvKb5jCQabZefACI,3G3Gdm0ZRAOxLrbyjfhii5
3nnQpaTvKb5jCQabZefACI,12VaqyEhgwDRuFfEqbnrpz
3nnQpaTvKb5jCQabZefACI,4nlqDmbzFzbNITaqjJv7D7
3nnQpaTvKb5jCQabZefACI,4UXJsSlnKd7ltsrHebV79Q
3nnQpaTvKb5jCQabZefACI,3inCNiUr4R6XQ3W43s9Aqi
3nnQpaTvKb5jCQabZefACI,5SHQUMAmEK5KmuSb0aDvsn
3nnQpaTvKb5jCQabZefACI,7w29UYBi0qsHi5RTcv3lmA
6Ghvu1VvMGScGpOUJBAHNH,5AyEXCtu3xnnsTGCo4RVZh
6Ghvu1VvMGScGpOUJBAHNH,4DFhHyjvGYa9wxdHUjtDkc
6Ghvu1VvMGScGpOUJBAHNH,3RNrq3jvMZxD9ZyoOZbQOD
6Ghvu1VvMGScGpOUJBAHNH,0blJzvevdXrp21YeI2vbco
6Ghvu1VvMGScGpOUJBAHNH,6CwDvApcRshxhEVMP30Sq7
6Ghvu1VvMGScGpOUJBAHNH,3gPZCcrc8KG2RuVl3rtbQ2
6Ghvu1VvMGScGpOUJBAHNH,0ImEDe9tW5n4pxHOK39zIc
6Ghvu1VvMGScGpOUJBAHNH,4G9wSdX0klmoHfjm9i6DLd
6Ghvu1VvMGScGpOUJBAHNH,6lcwlkAjBPSKnFBZjjZFJs
6Ghvu1VvMGScGpOUJBAHNH,3G3Gdm0ZRAOxLrbyjfhii5
6Ghvu1VvMGScGpOUJBAHNH,2yEwvVSSSUkcLeSTNyHKh8
6Ghvu1VvMGScGpOUJBAHNH,64tNsm6TnZe2zpcMVMOoHL
6Ghvu1VvMGScGpOUJBAHNH,0X380XXQSNBYuleKzav5UO
6Ghvu1VvMGScGpOUJBAHNH,5jTtGLk1mGFMY5lQOvJYUj
6Ghvu1VvMGScGpOUJBAHNH,05fG473iIaoy82BF1aGhL8
6Ghvu1VvMGScGpOUJBAHNH,4iJLPqClelZOBCBifm8Fzv
6Ghvu1VvMGScGpOUJBAHNH,1IHjrY7ygKbmLVoUV1VcXc
3G3Gdm0ZRAOxLrbyjfhii5,2ApaG60P4r0yhBoDCGD8YG
3G3Gdm0ZRAOxLrbyjfhii5,3jOstUTkEu2JkjvRdBA5Gu
3G3Gdm0ZRAOxLrbyjfhii5,1nJvji2KIlWSseXRSlNYsC
3G3Gdm0ZRAOxLrbyjfhii5,7w29UYBi0qsHi5RTcv3lmA
3G3Gdm0ZRAOxLrbyjfhii5,5UqTO8smerMvxHYA5xsXb6
3G3Gdm0ZRAOxLrbyjfhii5,3ysp8GwsheDcBxP9q65lBg
3G3Gdm0ZRAOxLrbyjfhii5,2feOOr1Yjovo67byuxvjZv
3G3Gdm0ZRAOxLrbyjfhii5,0WPY9nnBy01s5QOt4o4oQX
3G3Gdm0ZRAOxLrbyjfhii5,0FRKTwQSToXpCxYMhyUzYY
3G3Gdm0ZRAOxLrbyjfhii5,5Wabl1lPdNOeIn0SQ5A1mp
3G3Gdm0ZRAOxLrbyjfhii5,1s5mUpjVtK0XAScRqlErSE
3G3Gdm0ZRAOxLrbyjfhii5,1tnjjbgszXYa8BbyTzwM0w
3G3Gdm0ZRAOxLrbyjfhii5,0WY2ddzQUF9eh16GiqrElA
3G3Gdm0ZRAOxLrbyjfhii5,4IwOItqRhsIoRuD5HP4vyC
3G3Gdm0ZRAOxLrbyjfhii5,4KEHIUSoWCcqrk8AddTE1O
3G3Gdm0ZRAOxLrbyjfhii5,5NtMqQLCzdVvL7F8vFp3zM
3G3Gdm0ZRAOxLrbyjfhii5,3r94PF71LWRI5K6wqclNjQ
3G3Gdm0ZRAOxLrbyjfhii5,4jSYHcSo85heWskYvAULio
3G3Gdm0ZRAOxLrbyjfhii5,7Ht57YadlBXcFJDK3plmhO
3G3Gdm0ZRAOxLrbyjfhii5,3VNzWLePg9jTvQ2ximYOzW
3G3Gdm0ZRAOxLrbyjfhii5,6guTJsgPymDUVfqDJyz5UG
3G3Gdm0ZRAOxLrbyjfhii5,3inCNiUr4R6XQ3W43s9Aqi
5UqTO8smerMvxHYA5xsXb6,2ApaG60P4r0yhBoDCGD8YG
5UqTO8smerMvxHYA5xsXb6,1nJvji2KIlWSseXRSlNYsC
5UqTO8smerMvxHYA5xsXb6,7w29UYBi0qsHi5RTcv3lmA
5UqTO8smerMvxHYA5xsXb6,267VY6GX5LyU5c9M85ECZQ
5UqTO8smerMvxHYA5xsXb6,1xgFexIwrf2QjbU0buCNnp
5UqTO8smerMvxHYA5xsXb6,62sC6lUEWRjbFqXpMmOk4G
5UqTO8smerMvxHYA5xsXb6,3inCNiUr4R6XQ3W43s9Aqi
5UqTO8smerMvxHYA5xsXb6,0S7Zur2g8YhqlzqtlYStli
5UqTO8smerMvxHYA5xsXb6,1J4ACYB6yMqd79q3rjskqs
5UqTO8smerMvxHYA5xsXb6,7LuYiSXiWs86rwWJjEEgB9
5UqTO8smerMvxHYA5xsXb6,4IwOItqRhsIoRuD5HP4vyC
5UqTO8smerMvxHYA5xsXb6,4BFMTELQyWJU1SwqcXMBm3
5UqTO8smerMvxHYA5xsXb6,16bN8mhtDFdegWbg0z3s10
5UqTO8smerMvxHYA5xsXb6,3ysp8GwsheDcBxP9q65lBg
5UqTO8smerMvxHYA5xsXb6,5hAhrnb0Ch4ODwWu4tsbpi
5UqTO8smerMvxHYA5xsXb6,5N5tQ9Dx1h8Od7aRmGj7Fi
5UqTO8smerMvxHYA5xsXb6,2i8ynmFv4qgRksyDlBgi6d
7w29UYBi0qsHi5RTcv3lmA,1G0Xwj8mza6b03iYkVdzDP
7w29UYBi0qsHi5RTcv3lmA,12VaqyEhgwDRuFfEqbnrpz
7w29UYBi0qsHi5RTcv3lmA,4SQdUpG4f7UbkJG3cJ2Iyj
7w29UYBi0qsHi5RTcv3lmA,5Wabl1lPdNOeIn0SQ5A1mp
7w29UYBi0qsHi5RTcv3lmA,6FXMGgJwohJLUSr5nVlf9X
7w29UYBi0qsHi5RTcv3lmA,6kBDZFXuLrZgHnvmPu9NsG
7w29UYBi0qsHi5RTcv3lmA,5BKsn7SCN2XmbF7apdCpRS
7w29UYBi0qsHi5RTcv3lmA,3g2kUQ6tHLLbmkV7T4GPtL
7w29UYBi0qsHi5RTcv3lmA,6hhA8TKRNryM8FNzqCqdDO
7w29UYBi0qsHi5RTcv3lmA,1P6U1dCeHxPui5pIrGmndZ
7w29UYBi0qsHi5RTcv3lmA,6nB0iY1cjSY1KyhYyuIIKH
7w29UYBi0qsHi5RTcv3lmA,5a2w2tgpLwv26BYJf2qYwu
7w29UYBi0qsHi5RTcv3lmA,7eQZTqEMozBcuSubfu52i4
7w29UYBi0qsHi5RTcv3lmA,1n65zfwYIj5kKEtNgxUlWb
1nJvji2KIlWSseXRSlNYsC,0IwlY33zbBXN7zlS9DP2Cj
1nJvji2KIlWSseXRSlNYsC,42TFhl7WlMRXiNqzSrnzPL
1nJvji2KIlWSseXRSlNYsC,4BFMTELQyWJU1SwqcXMBm3
1nJvji2KIlWSseXRSlNYsC,0S7Zur2g8YhqlzqtlYStli
1nJvji2KIlWSseXRSlNYsC,0vYkHhJ48Bs3jWcvZXvOrP
1nJvji2KIlWSseXRSlNYsC,33EUXrFKGjpUSGacqEHhU4
1nJvji2KIlWSseXRSlNYsC,6Lt3HS8R2v8Q4G7ZkUWa8R
1nJvji2KIlWSseXRSlNYsC,2x9SpqnPi8rlE9pjHBwmSC
1nJvji2KIlWSseXRSlNYsC,1SQRv42e4PjEYfPhS0Tk9E
1nJvji2KIlWSseXRSlNYsC,3inCNiUr4R6XQ3W43s9Aqi
1nJvji2KIlWSseXRSlNYsC,0WhGV9lzljq2QKJ8ipw6jx
1nJvji2KIlWSseXRSlNYsC,3dBVyJ7JuOMt4GE9607Qin
1nJvji2KIlWSseXRSlNYsC,12VaqyEhgwDRuFfEqbnrpz
1nJvji2KIlWSseXRSlNYsC,5c3GLXai8YOMid29ZEuR9y
1nJvji2KIlWSseXRSlNYsC,5hAhrnb0Ch4ODwWu4tsbpi
1nJvji2KIlWSseXRSlNYsC,2qFr8w5sWUITRlzZ9kZotF
3jOstUTkEu2JkjvRdBA5Gu,6A43Djmhbe9100UwnI7epV
3jOstUTkEu2JkjvRdBA5Gu,1lZvg4fNAqHoj6I9N8naBM
3jOstUTkEu2JkjvRdBA5Gu,1yAwtBaoHLEDWAnWR87hBT
3jOstUTkEu2JkjvRdBA5Gu,0EdvGhlC1FkGItLOWQzG4J
3jOstUTkEu2JkjvRdBA5Gu,3vbKDsSS70ZX9D2OcvbZmS
3jOstUTkEu2JkjvRdBA5Gu,41Q0HrwWBtuUkJc7C1Rp6K
3jOstUTkEu2JkjvRdBA5Gu,5xUf6j4upBrXZPg6AI4MRK
3jOstUTkEu2JkjvRdBA5Gu,2UazAtjfzqBF0Nho2awK4z
3jOstUTkEu2JkjvRdBA5Gu,03r4iKL2g2442PT9n2UKsx
3jOstUTkEu2JkjvRdBA5Gu,5SHQUMAmEK5KmuSb0aDvsn
3jOstUTkEu2JkjvRdBA5Gu,3YcBF2ttyueytpXtEzn1Za
3jOstUTkEu2JkjvRdBA5Gu,0X380XXQSNBYuleKzav5UO
2ApaG60P4r0yhBoDCGD8YG,59IPo3F7aZifhZtHnoGHbo
2ApaG60P4r0yhBoDCGD8YG,2ooIqOf4X2uz4mMptXCtie
2ApaG60P4r0yhBoDCGD8YG,5c3GLXai8YOMid29ZEuR9y
2ApaG60P4r0yhBoDCGD8YG,7Ht57YadlBXcFJDK3plmhO
2ApaG60P4r0yhBoDCGD8YG,3inCNiUr4R6XQ3W43s9Aqi
2ApaG60P4r0yhBoDCGD8YG,5PbpKlxQE0Ktl5lcNABoFf
2ApaG60P4r0yhBoDCGD8YG,5Wabl1lPdNOeIn0SQ5A1mp
2ApaG60P4r0yhBoDCGD8YG,4aKWmkWAKviFlyvHYPTNQY
2ApaG60P4r0yhBoDCGD8YG,5QdyldG4Fl4TPiOIeMNpBZ
2ApaG60P4r0yhBoDCGD8YG,1jeYbk5eqo6wgsQPjLeU5w
2ApaG60P4r0yhBoDCGD8YG,37w38cCSGgKLdayTRjna4W
2ApaG60P4r0yhBoDCGD8YG,5o206eFLx38glA2bb4zqIU
2ApaG60P4r0yhBoDCGD8YG,0FRKTwQSToXpCxYMhyUzYY
2ApaG60P4r0yhBoDCGD8YG,5hAhrnb0Ch4ODwWu4tsbpi
2ApaG60P4r0yhBoDCGD8YG,3g2kUQ6tHLLbmkV7T4GPtL
2ApaG60P4r0yhBoDCGD8YG,3kbBWco9PZ5eSQsNScwG6U
2CKOmarVWvWqkNWUatHCex,5kVgcCdPbeUwxBqWxi2Ktl
2CKOmarVWvWqkNWUatHCex,0uGWkZRPp1Urk77XBrPBsZ
2CKOmarVWvWqkNWUatHCex,2eK9gcJQ6uqVvJL63dnOM3
2CKOmarVWvWqkNWUatHCex,6m6e7D2TnV0aYMllFFwMxu
2CKOmarVWvWqkNWUatHCex,7gXnv2nAoF9X0XJQ3AMp7d
2CKOmarVWvWqkNWUatHCex,0vdcZzmneH0nK9CYFHQBjk
2CKOmarVWvWqkNWUatHCex,1LIuN7ov1IBQDdLsU83ojl
2CKOmarVWvWqkNWUatHCex,3hq7WoPJsrRP0KMSLhUgRz
2CKOmarVWvWqkNWUatHCex,41QLxRXlc2NwfJZkHGHKid
2CKOmarVWvWqkNWUatHCex,10fWVVVG2zx5VMJPL4N8wC
2CKOmarVWvWqkNWUatHCex,68cvVh3HBHdwWfccCTaq0T
2CKOmarVWvWqkNWUatHCex,1X6ORK7IekgmyjV6IFPszP
2CKOmarVWvWqkNWUatHCex,6TYimByryGphZCtwYopH0y
2CKOmarVWvWqkNWUatHCex,1uhE4e8omc2wKqIK88bqH4
2CKOmarVWvWqkNWUatHCex,0BHm7qbh3ENxvXzkQAG7MP
2CKOmarVWvWqkNWUatHCex,7cmuxPnXRJxwuYDHfbD8Eu
2CKOmarVWvWqkNWUatHCex,3qvcCP2J0fWi0m0uQDUf6r
2CKOmarVWvWqkNWUatHCex,487N2T9nIPEHrlTZLL3SQs
2CKOmarVWvWqkNWUatHCex,3p7PcrEHaaKLJnPUGOtRlT
2CKOmarVWvWqkNWUatHCex,2Z0lRIqr997lIUiPtrpKCr
